feature,split_score,gain_score
NAME_CONTRACT_TYPE,-0.20067069533992887,2.1896874324015365
CODE_GENDER,1.4921012057520482,4.621876159179856
FLAG_OWN_CAR,-2.5649493561615366,0.10228415738079619
FLAG_OWN_REALTY,-2.0557250142812697,-0.16854535280090813
CNT_CHILDREN,-0.8938178757776519,0.6733544909229922
AMT_INCOME_TOTAL,-1.1233049009509812,0.3755762179399187
AMT_CREDIT,-0.46103495910440373,1.0745413153088472
AMT_ANNUITY,0.32557564546921086,1.740720684372629
AMT_GOODS_PRICE,-0.04831857716585718,1.1804197609886264
NAME_TYPE_SUITE,-23.025850929940457,-23.025850929940457
NAME_INCOME_TYPE,1.3862943611448906,4.0322810834554605
NAME_EDUCATION_TYPE,3.4011973816654884,5.555072100636864
NAME_FAMILY_STATUS,-2.0794415408798357,-0.8979787648721999
NAME_HOUSING_TYPE,-23.025850929940457,-23.025850929940457
REGION_POPULATION_RELATIVE,-0.7799905324633543,0.2842036743728567
DAYS_BIRTH,0.9732329061575774,2.758964181895809
DAYS_EMPLOYED,0.4349875474392135,1.891375807706975
DAYS_REGISTRATION,-0.5889936654719368,0.552631006656002
DAYS_ID_PUBLISH,-0.23753228863949774,0.8339608433560284
OWN_CAR_AGE,-0.20148205441070893,0.9692442823433697
FLAG_MOBIL,-23.025850929940457,-23.025850929940457
FLAG_EMP_PHONE,1.2527629685239394,3.2318165513626096
FLAG_WORK_PHONE,0.45198512380669353,1.4928710180311766
FLAG_CONT_MOBILE,-23.025850929940457,-23.025850929940457
FLAG_PHONE,-1.1260112625478906,-0.1836439649510249
FLAG_EMAIL,-23.025850929940457,-23.025850929940457
OCCUPATION_TYPE,1.1242029107637892,3.309877231241295
CNT_FAM_MEMBERS,-0.9382696383373746,0.08685426233991721
REGION_RATING_CLIENT,2.1465808445291525,3.960846798666611
REGION_RATING_CLIENT_W_CITY,2.346070204943359,4.4207564699185715
WEEKDAY_APPR_PROCESS_START,-23.025850929940457,-23.025850929940457
HOUR_APPR_PROCESS_START,-0.2911482802944708,0.6444659564728884
REG_REGION_NOT_LIVE_REGION,-23.025850929940457,-23.025850929940457
REG_REGION_NOT_WORK_REGION,-23.025850929940457,-23.025850929940457
LIVE_REGION_NOT_WORK_REGION,-23.025850929940457,-23.025850929940457
REG_CITY_NOT_LIVE_CITY,1.1451323043348207,2.4137145478943802
REG_CITY_NOT_WORK_CITY,1.000000082690371e-10,0.9859694106356842
LIVE_CITY_NOT_WORK_CITY,-1.252762968145368,-0.4093358382892321
ORGANIZATION_TYPE,0.0186921331103007,1.585082718962612
EXT_SOURCE_1,2.6795785270277572,4.508390547768595
EXT_SOURCE_2,2.3709043369808627,5.879953215079829
EXT_SOURCE_3,1.7842717495321379,5.816697783250917
APARTMENTS_AVG,-0.48242614908229275,0.620235379481953
BASEMENTAREA_AVG,-1.1427620729674979,-0.15617281306346556
YEARS_BEGINEXPLUATATION_AVG,-0.8209805518425575,0.07952396303071851
YEARS_BUILD_AVG,-0.8690378467851478,0.13746506245267656
COMMONAREA_AVG,-1.0360919314049575,-0.11777895743589219
ELEVATORS_AVG,-0.6931471803599453,0.2146364237125443
ENTRANCES_AVG,-0.5798184950743706,0.3482745092840983
FLOORSMAX_AVG,-0.1978257432080449,0.9403555440478532
FLOORSMIN_AVG,-1.2237754312821156,-0.13248512887916905
LANDAREA_AVG,-1.3581234837643055,-0.5170712087031444
LIVINGAPARTMENTS_AVG,-0.8338145098197082,0.06021265691076942
LIVINGAREA_AVG,-0.09278173334124398,0.893862448465123
NONLIVINGAPARTMENTS_AVG,-1.7346010548214394,-0.9988865680508914
NONLIVINGAREA_AVG,-1.2858238303944913,-0.4577668790515297
APARTMENTS_MODE,-0.762140051832611,0.23370418399772247
BASEMENTAREA_MODE,-1.2878542879441381,-0.4738286223530842
YEARS_BEGINEXPLUATATION_MODE,-0.666274162114152,0.3540984727570355
YEARS_BUILD_MODE,-1.369101960186336,-0.3650136949586805
COMMONAREA_MODE,-2.1785324434407336,-1.30567239455088
ELEVATORS_MODE,-1.5712166991326524,-0.6465685718918239
ENTRANCES_MODE,-1.4663370683600936,-0.7187322664103832
FLOORSMAX_MODE,-0.916290731624155,0.18475830950719027
FLOORSMIN_MODE,-1.2809338451020642,-0.3642173714781917
LANDAREA_MODE,-1.7129785908203952,-0.9367294446005594
LIVINGAPARTMENTS_MODE,-1.4575573807118358,-0.6592869070526374
LIVINGAREA_MODE,-0.5640701381090216,0.4450904784818742
NONLIVINGAPARTMENTS_MODE,-23.025850929940457,-23.025850929940457
NONLIVINGAREA_MODE,-1.196592696697431,-0.15996429321637679
APARTMENTS_MEDI,-0.9315582037510973,0.20264470792784048
BASEMENTAREA_MEDI,-1.3862943607198905,-0.2721433028311826
YEARS_BEGINEXPLUATATION_MEDI,-0.6931471803599453,0.5685566850778123
YEARS_BUILD_MEDI,-1.6422277347404246,-0.6479332087954459
COMMONAREA_MEDI,-1.4961092266806686,-0.5541565182666595
ELEVATORS_MEDI,-23.025850929940457,-23.025850929940457
ENTRANCES_MEDI,-0.48550781561920076,0.41226475848549193
FLOORSMAX_MEDI,-0.6380874031876321,0.5612853636208177
FLOORSMIN_MEDI,-1.4853852633224547,-0.4797564607871371
LANDAREA_MEDI,-1.4136933348968939,-0.3566562361888184
LIVINGAPARTMENTS_MEDI,-0.9779843006135858,-0.0986363879011417
LIVINGAREA_MEDI,-0.13976194226015873,1.0105716908271334
NONLIVINGAPARTMENTS_MEDI,-23.025850929940457,-23.025850929940457
NONLIVINGAREA_MEDI,-1.4727268664560869,-0.6343071995217742
FONDKAPREMONT_MODE,-23.025850929940457,-23.025850929940457
HOUSETYPE_MODE,-2.0794415408798357,-0.8957818052508533
TOTALAREA_MODE,-0.09317722474441771,0.9377084782486367
WALLSMATERIAL_MODE,-23.025850929940457,-23.025850929940457
EMERGENCYSTATE_MODE,-23.025850929940457,-23.025850929940457
OBS_30_CNT_SOCIAL_CIRCLE,-1.2927683027447814,-0.45212158814252434
DEF_30_CNT_SOCIAL_CIRCLE,-0.2231435511892097,0.9037136385493184
OBS_60_CNT_SOCIAL_CIRCLE,-1.5581446175715499,-0.7319271105056091
DEF_60_CNT_SOCIAL_CIRCLE,0.06453852123132117,1.0268343078848718
DAYS_LAST_PHONE_CHANGE,0.12636290323403965,1.3773744678922484
FLAG_DOCUMENT_2,-23.025850929940457,-23.025850929940457
FLAG_DOCUMENT_3,2.374905754582974,3.8724036598872926
FLAG_DOCUMENT_4,-23.025850929940457,-23.025850929940457
FLAG_DOCUMENT_5,-23.025850929940457,-23.025850929940457
FLAG_DOCUMENT_6,-1.6094379119341002,-0.6338403170408896
FLAG_DOCUMENT_7,-23.025850929940457,-23.025850929940457
FLAG_DOCUMENT_8,-0.6931471803599453,0.38219144823227824
FLAG_DOCUMENT_9,-23.025850929940457,-23.025850929940457
FLAG_DOCUMENT_10,-23.025850929940457,-23.025850929940457
FLAG_DOCUMENT_11,-23.025850929940457,-23.025850929940457
FLAG_DOCUMENT_12,-23.025850929940457,-23.025850929940457
FLAG_DOCUMENT_13,-23.025850929940457,-23.025850929940457
FLAG_DOCUMENT_14,-23.025850929940457,-23.025850929940457
FLAG_DOCUMENT_15,-23.025850929940457,-23.025850929940457
FLAG_DOCUMENT_16,-23.025850929940457,-23.025850929940457
FLAG_DOCUMENT_17,-23.025850929940457,-23.025850929940457
FLAG_DOCUMENT_18,-23.025850929940457,-23.025850929940457
FLAG_DOCUMENT_19,-23.025850929940457,-23.025850929940457
FLAG_DOCUMENT_20,-23.025850929940457,-23.025850929940457
FLAG_DOCUMENT_21,-23.025850929940457,-23.025850929940457
AMT_REQ_CREDIT_BUREAU_HOUR,-23.025850929940457,-23.025850929940457
AMT_REQ_CREDIT_BUREAU_DAY,-23.025850929940457,-23.025850929940457
AMT_REQ_CREDIT_BUREAU_WEEK,-2.1972245764362195,-1.2146145064427778
AMT_REQ_CREDIT_BUREAU_MON,-2.6026896840943836,-1.7745996916679054
AMT_REQ_CREDIT_BUREAU_QRT,-23.025850929940457,-23.025850929940457
AMT_REQ_CREDIT_BUREAU_YEAR,-0.5481214083366874,0.4517042371992531
COUNT(bureau),0.5768081885319644,1.7228310726195295
MAX(bureau.AMT_ANNUITY),-1.3668762748704812,-0.42897447701205704
MAX(bureau.AMT_CREDIT_MAX_OVERDUE),0.8559709416831194,2.1075535891723964
MAX(bureau.AMT_CREDIT_SUM),-0.18430371787770777,0.8349772883260694
MAX(bureau.AMT_CREDIT_SUM_DEBT),-0.028858828359052024,0.9937799217444978
MAX(bureau.AMT_CREDIT_SUM_LIMIT),-0.30354397661678234,0.6730690937338282
MAX(bureau.AMT_CREDIT_SUM_OVERDUE),2.270496778452871,3.5694042328470097
MAX(bureau.CNT_CREDIT_PROLONG),-0.916290731624155,0.40029197011736534
MAX(bureau.CREDIT_DAY_OVERDUE),1.000000082690371e-10,1.1177929905898771
MAX(bureau.DAYS_CREDIT),1.1837700970390288,2.41007605035254
MAX(bureau.DAYS_CREDIT_ENDDATE),-0.08424061477898713,0.9007709989616424
MAX(bureau.DAYS_CREDIT_UPDATE),-0.3136575587181995,0.6268484696116658
MAX(bureau.DAYS_ENDDATE_FACT),-0.3590843196188432,0.6187519671937676
MEAN(bureau.AMT_ANNUITY),-0.7884573601442701,0.11235281028502583
MEAN(bureau.AMT_CREDIT_MAX_OVERDUE),1.0458617233177196,2.2520879339127284
MEAN(bureau.AMT_CREDIT_SUM),-0.2089011944754343,0.7596292405926692
MEAN(bureau.AMT_CREDIT_SUM_DEBT),0.870418221609709,1.872399970818781
MEAN(bureau.AMT_CREDIT_SUM_LIMIT),-0.4906229162851379,0.44221692337261115
MEAN(bureau.AMT_CREDIT_SUM_OVERDUE),2.4071289487543233,3.8009968406680463
MEAN(bureau.CNT_CREDIT_PROLONG),-1.1564318592390788,-0.23739118681558424
MEAN(bureau.CREDIT_DAY_OVERDUE),-0.9808292527450595,0.37640458878472416
MEAN(bureau.DAYS_CREDIT),1.520369084396323,3.9902365639967274
MEAN(bureau.DAYS_CREDIT_ENDDATE),0.3398991545050794,1.6694557566855486
MEAN(bureau.DAYS_CREDIT_UPDATE),0.7171291452952459,2.4110929528034575
MEAN(bureau.DAYS_ENDDATE_FACT),-0.37235594935577065,0.7123978580536796
MIN(bureau.AMT_ANNUITY),-1.5382104026801076,-0.739312184963781
MIN(bureau.AMT_CREDIT_MAX_OVERDUE),-0.024097551476621498,0.9637634014093897
MIN(bureau.AMT_CREDIT_SUM),-0.348306694126549,0.5294726840324819
MIN(bureau.AMT_CREDIT_SUM_DEBT),-0.17904823132937758,0.9199510855617932
MIN(bureau.AMT_CREDIT_SUM_LIMIT),-2.68273239165542,-1.8706718772861095
MIN(bureau.AMT_CREDIT_SUM_OVERDUE),-23.025850929940457,-23.025850929940457
MIN(bureau.CNT_CREDIT_PROLONG),-23.025850929940457,-23.025850929940457
MIN(bureau.CREDIT_DAY_OVERDUE),-23.025850929940457,-23.025850929940457
MIN(bureau.DAYS_CREDIT),-0.0999721927996221,1.246120378174156
MIN(bureau.DAYS_CREDIT_ENDDATE),-0.03019973976056636,0.9624284862354235
MIN(bureau.DAYS_CREDIT_UPDATE),-0.29668745450204054,0.7869041425418914
MIN(bureau.DAYS_ENDDATE_FACT),-0.22950624497624056,0.7147911913783057
MODE(bureau.CREDIT_ACTIVE),1.5892352051369891,3.4326006791935124
MODE(bureau.CREDIT_CURRENCY),-23.025850929940457,-23.025850929940457
MODE(bureau.CREDIT_TYPE),-23.025850929940457,-23.025850929940457
SUM(bureau.AMT_ANNUITY),-0.8690378467851478,0.06749932791579723
SUM(bureau.AMT_CREDIT_MAX_OVERDUE),1.098612288701443,2.3376777288634774
SUM(bureau.AMT_CREDIT_SUM),0.793045333871178,1.792083315229806
SUM(bureau.AMT_CREDIT_SUM_DEBT),1.0846260467271727,2.0719501896289687
SUM(bureau.AMT_CREDIT_SUM_LIMIT),-0.6330432563019064,0.3954788518546076
SUM(bureau.AMT_CREDIT_SUM_OVERDUE),2.208653273170827,3.6356697253862746
SUM(bureau.CNT_CREDIT_PROLONG),-23.025850929940457,-23.025850929940457
SUM(bureau.CREDIT_DAY_OVERDUE),-0.5007752877474891,0.8003465158908057
SUM(bureau.DAYS_CREDIT),0.2916113506663764,1.405115657934086
SUM(bureau.DAYS_CREDIT_ENDDATE),0.46722970242568396,1.7151828492072716
SUM(bureau.DAYS_CREDIT_UPDATE),-0.034486175967660536,0.9616384571746446
SUM(bureau.DAYS_ENDDATE_FACT),-0.2376716517502903,0.7777559984196656
COUNT(bureau_balance),-1.252762968145368,-0.1265803854247085
MAX(bureau_balance.MONTHS_BALANCE),-2.957511058808793,-2.3923243172606057
MEAN(bureau_balance.MONTHS_BALANCE),-0.9808292527450595,-0.07117245674092026
MIN(bureau_balance.MONTHS_BALANCE),-0.2231435511892097,0.7510501011902939
MODE(bureau_balance.STATUS),-23.025850929940457,-23.025850929940457
SUM(bureau_balance.MONTHS_BALANCE),-1.6094379119341002,-0.3800458091489398
COUNT(previous),0.09097177829703115,1.0659046235801508
MAX(previous.AMT_ANNUITY),-0.9614111668930863,0.023921471647176458
MAX(previous.AMT_APPLICATION),-0.5382245977828087,0.41647862562633764
MAX(previous.AMT_CREDIT),-0.6263071622470259,0.27110656465451183
MAX(previous.AMT_DOWN_PAYMENT),0.545888326828541,1.5650255175166476
MAX(previous.AMT_GOODS_PRICE),-1.178654996016646,-0.26852334390420174
MAX(previous.CNT_PAYMENT),1.977162692573264,3.228363464304452
MAX(previous.DAYS_DECISION),-0.4362367666202305,0.4926731169093717
MAX(previous.DAYS_FIRST_DRAWING),-23.025850929940457,-23.025850929940457
MAX(previous.DAYS_FIRST_DUE),-0.3158529492813344,0.651922894670261
MAX(previous.DAYS_LAST_DUE),-0.5373926509795586,0.4910134006685004
MAX(previous.DAYS_LAST_DUE_1ST_VERSION),-0.31508104650285834,0.671752392686658
MAX(previous.DAYS_TERMINATION),-0.7069405024895034,0.2544973798973523
MAX(previous.HOUR_APPR_PROCESS_START),-0.37630852367101925,0.5602147510723681
MAX(previous.NFLAG_INSURED_ON_APPROVAL),-0.40546510795816443,0.8290619745880391
MAX(previous.NFLAG_LAST_APPL_IN_DAY),-23.025850929940457,-23.025850929940457
MAX(previous.RATE_DOWN_PAYMENT),-0.2599575243072385,0.5640863373906126
MAX(previous.RATE_INTEREST_PRIMARY),-23.025850929940457,-23.025850929940457
MAX(previous.RATE_INTEREST_PRIVILEGED),-23.025850929940457,-23.025850929940457
MAX(previous.SELLERPLACE_AREA),-0.7770286643231474,0.11436268547788156
MEAN(previous.AMT_ANNUITY),-0.8421827594882902,-0.004566627331759695
MEAN(previous.AMT_APPLICATION),-0.6207346028054388,0.29124288412872035
MEAN(previous.AMT_CREDIT),-0.9462715638284822,-0.07747489614843414
MEAN(previous.AMT_DOWN_PAYMENT),-0.04009445709778717,0.8138918771745149
MEAN(previous.AMT_GOODS_PRICE),-0.3409265868299681,0.5050782766600389
MEAN(previous.CNT_PAYMENT),1.3099213823623008,2.32021205812649
MEAN(previous.DAYS_DECISION),1.005435063850515,2.585363486799153
MEAN(previous.DAYS_FIRST_DRAWING),0.28768207252678085,1.3422458204193268
MEAN(previous.DAYS_FIRST_DUE),-0.5296135374617963,0.5197914871270723
MEAN(previous.DAYS_LAST_DUE),-0.23450730983809623,0.8002985261462469
MEAN(previous.DAYS_LAST_DUE_1ST_VERSION),-0.2505425253738519,0.7057625220109138
MEAN(previous.DAYS_TERMINATION),-0.5930637218220103,0.21963184622832682
MEAN(previous.HOUR_APPR_PROCESS_START),0.3885231068703774,1.3898462616846246
MEAN(previous.NFLAG_INSURED_ON_APPROVAL),-0.7801585573313933,-0.0007671661235239341
MEAN(previous.NFLAG_LAST_APPL_IN_DAY),-2.0149030197922646,-1.1909888590607207
MEAN(previous.RATE_DOWN_PAYMENT),-0.6143663025219824,0.1548509911156497
MEAN(previous.RATE_INTEREST_PRIMARY),-23.025850929940457,-23.025850929940457
MEAN(previous.RATE_INTEREST_PRIVILEGED),-23.025850929940457,-23.025850929940457
MEAN(previous.SELLERPLACE_AREA),-0.42341891157204276,0.41344360222332016
MIN(previous.AMT_ANNUITY),-0.22705745050985587,0.6460927949436355
MIN(previous.AMT_APPLICATION),-1.3457090806207213,-0.36395762004213006
MIN(previous.AMT_CREDIT),-1.252762968145368,-0.4600979901313927
MIN(previous.AMT_DOWN_PAYMENT),-1.0986122883681098,-0.23111083390921333
MIN(previous.AMT_GOODS_PRICE),-0.34294475098592125,0.5117670350726666
MIN(previous.CNT_PAYMENT),-1.5178707184523599,-0.495562683064045
MIN(previous.DAYS_DECISION),-0.16251892938012788,1.1711363194341897
MIN(previous.DAYS_FIRST_DRAWING),-1.6094379119341002,-0.5673522591409841
MIN(previous.DAYS_FIRST_DUE),0.29753436896905733,1.7966031423396758
MIN(previous.DAYS_LAST_DUE),-0.44628710247216946,0.48803239670599036
MIN(previous.DAYS_LAST_DUE_1ST_VERSION),-0.16989903667687895,0.8336979198245775
MIN(previous.DAYS_TERMINATION),-0.8472978601538703,-0.008325452063360895
MIN(previous.HOUR_APPR_PROCESS_START),0.07061756730713525,1.0935205341588974
MIN(previous.NFLAG_INSURED_ON_APPROVAL),-23.025850929940457,-23.025850929940457
MIN(previous.NFLAG_LAST_APPL_IN_DAY),-23.025850929940457,-23.025850929940457
MIN(previous.RATE_DOWN_PAYMENT),-1.6402095705852289,-0.6641865368757935
MIN(previous.RATE_INTEREST_PRIMARY),-23.025850929940457,-23.025850929940457
MIN(previous.RATE_INTEREST_PRIVILEGED),-0.6931471803599453,0.3078962151775016
MIN(previous.SELLERPLACE_AREA),-1.025852934106734,0.06909735003017037
MODE(previous.CHANNEL_TYPE),-23.025850929940457,-23.025850929940457
MODE(previous.CODE_REJECT_REASON),1.0116009117148435,2.163364731158367
MODE(previous.FLAG_LAST_APPL_PER_CONTRACT),-23.025850929940457,-23.025850929940457
MODE(previous.NAME_CASH_LOAN_PURPOSE),-23.025850929940457,-23.025850929940457
MODE(previous.NAME_CLIENT_TYPE),-23.025850929940457,-23.025850929940457
MODE(previous.NAME_CONTRACT_STATUS),2.8033603809125953,5.570791568881718
MODE(previous.NAME_CONTRACT_TYPE),-23.025850929940457,-23.025850929940457
MODE(previous.NAME_GOODS_CATEGORY),-3.8394523079433105,-2.3420332735219946
MODE(previous.NAME_PAYMENT_TYPE),-23.025850929940457,-23.025850929940457
MODE(previous.NAME_PORTFOLIO),0.6931471806099453,2.1400118540002655
MODE(previous.NAME_PRODUCT_TYPE),-23.025850929940457,-23.025850929940457
MODE(previous.NAME_SELLER_INDUSTRY),-23.025850929940457,-23.025850929940457
MODE(previous.NAME_TYPE_SUITE),-23.025850929940457,-23.025850929940457
MODE(previous.NAME_YIELD_GROUP),-1.6094379119341002,-0.5069274865483018
MODE(previous.PRODUCT_COMBINATION),-3.2911964837603267,-2.3576088880545716
MODE(previous.WEEKDAY_APPR_PROCESS_START),-23.025850929940457,-23.025850929940457
SUM(previous.AMT_ANNUITY),-0.6182992895779359,0.3549687328601256
SUM(previous.AMT_APPLICATION),-0.5280674300309315,0.3721995920601896
SUM(previous.AMT_CREDIT),-0.2946025151620954,0.5761432373878413
SUM(previous.AMT_DOWN_PAYMENT),0.3989077076291106,1.4391731319916075
SUM(previous.AMT_GOODS_PRICE),-0.6286086592348741,0.18982050528174263
SUM(previous.CNT_PAYMENT),1.0626428129622933,2.037145989025732
SUM(previous.DAYS_DECISION),-0.751416088471921,0.22552036987312768
SUM(previous.DAYS_FIRST_DRAWING),1.000000082690371e-10,1.2682754776387521
SUM(previous.DAYS_FIRST_DUE),-0.4653632495299741,0.4357495798672433
SUM(previous.DAYS_LAST_DUE),-0.3780661337741039,0.512615977793712
SUM(previous.DAYS_LAST_DUE_1ST_VERSION),0.8566808235307236,1.9803180252851278
SUM(previous.DAYS_TERMINATION),-0.5382245977828087,0.2672283790091774
SUM(previous.HOUR_APPR_PROCESS_START),-0.42511210533898464,0.46557987290807035
SUM(previous.NFLAG_INSURED_ON_APPROVAL),-2.4849066485880003,-1.478732424347824
SUM(previous.NFLAG_LAST_APPL_IN_DAY),0.4942963218757801,1.629394379174357
SUM(previous.RATE_DOWN_PAYMENT),-0.6990819158785694,0.3972993931043706
SUM(previous.RATE_INTEREST_PRIMARY),-23.025850929940457,-23.025850929940457
SUM(previous.RATE_INTEREST_PRIVILEGED),-23.025850929940457,-23.025850929940457
SUM(previous.SELLERPLACE_AREA),-0.6411423953797658,0.2512737991996517
COUNT(cash),-0.9431981845372612,0.10205128016474287
MAX(cash.CNT_INSTALMENT),0.6359887667729378,1.637578369912723
MAX(cash.CNT_INSTALMENT_FUTURE),-0.15415067971059168,1.0241506516239962
MAX(cash.MONTHS_BALANCE),-0.2231435511892097,0.7302106096147767
MAX(cash.SK_DPD),-0.04879016406443205,0.9393860290571006
MAX(cash.SK_DPD_DEF),0.6443570164430132,1.738910992728703
MAX(cash.SK_ID_CURR),-0.9512287829765467,-0.09436578169289647
MEAN(cash.CNT_INSTALMENT),0.2182535661004101,1.1659203728354968
MEAN(cash.CNT_INSTALMENT_FUTURE),1.429466533009043,2.45619822966598
MEAN(cash.MONTHS_BALANCE),-0.01550418643440269,0.8107525083435864
MEAN(cash.SK_DPD),0.6931471806099453,1.6320133466211522
MEAN(cash.SK_DPD_DEF),2.2749335616738158,3.6586351998656155
MEAN(cash.SK_ID_CURR),-1.3457090806207213,-0.5720449732527718
MIN(cash.CNT_INSTALMENT),-0.6241543088863272,0.21462619942994407
MIN(cash.CNT_INSTALMENT_FUTURE),-1.6582280760785324,-0.49133586668041057
MIN(cash.MONTHS_BALANCE),-0.6931471803599453,0.36672297717381513
MIN(cash.SK_DPD),-23.025850929940457,-23.025850929940457
MIN(cash.SK_DPD_DEF),-23.025850929940457,-23.025850929940457
MIN(cash.SK_ID_CURR),-0.7922380829833429,0.04372260922496596
MODE(cash.NAME_CONTRACT_STATUS),-23.025850929940457,-23.025850929940457
SUM(cash.CNT_INSTALMENT),-0.8697707160006258,0.019936218416281522
SUM(cash.CNT_INSTALMENT_FUTURE),-0.589768825925753,0.22902179150373864
SUM(cash.MONTHS_BALANCE),-0.2691286644251508,0.576828619572836
SUM(cash.SK_DPD),-0.06453852103090449,0.9737050003952858
SUM(cash.SK_DPD_DEF),0.9954280524698355,2.2128781954974723
SUM(cash.SK_ID_CURR),-0.4424086231442036,0.42734500374675705
COUNT(installments),-0.7027166313741728,0.11484577525724729
MAX(installments.AMT_INSTALMENT),0.07410797224657899,1.0533941140363112
MAX(installments.AMT_PAYMENT),0.10109611696175344,1.0912451070923233
MAX(installments.DAYS_ENTRY_PAYMENT),-0.17991481664367814,0.6782170454891394
MAX(installments.DAYS_INSTALMENT),-0.5158131651095298,0.3104701706309081
MAX(installments.NUM_INSTALMENT_NUMBER),0.6931471806099453,1.8437398493932844
MAX(installments.NUM_INSTALMENT_VERSION),-1.0986122883681098,-0.038339058568494906
MAX(installments.SK_ID_CURR),-0.8544153279210676,-0.11046302776950069
MEAN(installments.AMT_INSTALMENT),-0.32850406683314715,0.6687187918797914
MEAN(installments.AMT_PAYMENT),0.10196492674699423,1.1689038216642083
MEAN(installments.DAYS_ENTRY_PAYMENT),-0.28768207231844756,0.7067079414042913
MEAN(installments.DAYS_INSTALMENT),-0.7035099673934084,0.26494521387131315
MEAN(installments.NUM_INSTALMENT_NUMBER),-0.6988129178944862,0.2232099609424745
MEAN(installments.NUM_INSTALMENT_VERSION),-0.510825623599324,0.4858372351057669
MEAN(installments.SK_ID_CURR),-1.0986122883681098,-0.22427413468801125
MIN(installments.AMT_INSTALMENT),0.26570316580967235,1.18413767637897
MIN(installments.AMT_PAYMENT),0.5359124582542392,1.6119702014439994
MIN(installments.DAYS_ENTRY_PAYMENT),-0.28768207231844756,0.7729919944201872
MIN(installments.DAYS_INSTALMENT),-0.38677297494878965,0.5916185034185676
MIN(installments.NUM_INSTALMENT_NUMBER),-23.025850929940457,-23.025850929940457
MIN(installments.NUM_INSTALMENT_VERSION),-23.025850929940457,-23.025850929940457
MIN(installments.SK_ID_CURR),-0.510825623599324,0.4227082617560117
SUM(installments.AMT_INSTALMENT),-0.250051004105725,0.6604018221115258
SUM(installments.AMT_PAYMENT),0.10919929205464719,1.1028271850912874
SUM(installments.DAYS_ENTRY_PAYMENT),0.04652001573034746,1.238173962987628
SUM(installments.DAYS_INSTALMENT),0.5389965007910202,1.7943918178505522
SUM(installments.NUM_INSTALMENT_NUMBER),-0.7884573601442701,0.002774303098574036
SUM(installments.NUM_INSTALMENT_VERSION),-1.0745147367961918,-0.2046042021215156
SUM(installments.SK_ID_CURR),-0.3536400401011541,0.6345647043781122
COUNT(credit),-0.916290731624155,0.08109082881163698
MAX(credit.AMT_BALANCE),0.606135803624861,1.5567539037867064
MAX(credit.AMT_CREDIT_LIMIT_ACTUAL),-0.6286086592348741,0.15519687391797418
MAX(credit.AMT_DRAWINGS_ATM_CURRENT),-0.12260232197928891,0.8168307501440355
MAX(credit.AMT_DRAWINGS_CURRENT),-0.2719337153523918,0.6017061442979625
MAX(credit.AMT_DRAWINGS_OTHER_CURRENT),-23.025850929940457,-23.025850929940457
MAX(credit.AMT_DRAWINGS_POS_CURRENT),1.000000082690371e-10,0.9467682898090696
MAX(credit.AMT_INST_MIN_REGULARITY),0.6131044729405756,1.5178784097732214
MAX(credit.AMT_PAYMENT_CURRENT),0.9214058325807214,2.000561071842496
MAX(credit.AMT_PAYMENT_TOTAL_CURRENT),0.10227884921069605,1.0918384164067099
MAX(credit.AMT_RECEIVABLE_PRINCIPAL),0.6286086594757074,1.4833315244371523
MAX(credit.AMT_RECIVABLE),0.9808292530492262,1.898830769778104
MAX(credit.AMT_TOTAL_RECEIVABLE),1.000000082690371e-10,0.9296007917814795
MAX(credit.CNT_DRAWINGS_ATM_CURRENT),1.1514547700741071,2.3299676423626576
MAX(credit.CNT_DRAWINGS_CURRENT),1.491654876800217,2.632235874592304
MAX(credit.CNT_DRAWINGS_OTHER_CURRENT),-23.025850929940457,-23.025850929940457
MAX(credit.CNT_DRAWINGS_POS_CURRENT),1.1772025632921452,2.234046172481041
MAX(credit.CNT_INSTALMENT_MATURE_CUM),-1.6739764330383382,-0.6157308403900099
MAX(credit.MONTHS_BALANCE),-0.9808292527450595,-0.02597082641739079
MAX(credit.SK_DPD),-23.025850929940457,-23.025850929940457
MAX(credit.SK_DPD_DEF),-1.6094379119341002,-0.5644370358442754
MAX(credit.SK_ID_CURR),-0.8305772133706609,0.09269823928555157
MEAN(credit.AMT_BALANCE),1.2286654169455757,2.251360803542539
MEAN(credit.AMT_CREDIT_LIMIT_ACTUAL),-1.0647107367024282,-0.1872081934995347
MEAN(credit.AMT_DRAWINGS_ATM_CURRENT),1.6094379124541003,2.742526536655399
MEAN(credit.AMT_DRAWINGS_CURRENT),0.6286086594757074,1.6283538586328905
MEAN(credit.AMT_DRAWINGS_OTHER_CURRENT),-1.6094379119341002,-0.744029944135547
MEAN(credit.AMT_DRAWINGS_POS_CURRENT),0.12405264875831216,1.0147499880827577
MEAN(credit.AMT_INST_MIN_REGULARITY),-0.239672853138337,0.6871877457800927
MEAN(credit.AMT_PAYMENT_CURRENT),0.5179430915944292,1.3479186121069573
MEAN(credit.AMT_PAYMENT_TOTAL_CURRENT),0.5705448585241346,1.5456739898888028
MEAN(credit.AMT_RECEIVABLE_PRINCIPAL),1.098612288701443,2.0615007812646957
MEAN(credit.AMT_RECIVABLE),0.4700036293082356,1.6363223621995415
MEAN(credit.AMT_TOTAL_RECEIVABLE),0.8472978604300608,2.2511142454113835
MEAN(credit.CNT_DRAWINGS_ATM_CURRENT),2.9608450145587275,4.433805820304012
MEAN(credit.CNT_DRAWINGS_CURRENT),1.856297990381251,3.1171678289901026
MEAN(credit.CNT_DRAWINGS_OTHER_CURRENT),-1.0986122883681098,-0.13335581989200002
MEAN(credit.CNT_DRAWINGS_POS_CURRENT),0.3829922523242875,1.4137766623667145
MEAN(credit.CNT_INSTALMENT_MATURE_CUM),-0.5596157877604226,0.30743875492728534
MEAN(credit.MONTHS_BALANCE),-1.270462545238519,-0.24487774926417447
MEAN(credit.SK_DPD),-0.5908683312589714,0.22155120103122386
MEAN(credit.SK_DPD_DEF),0.3053816496248661,1.4396642888077356
MEAN(credit.SK_ID_CURR),-1.791759468628055,-0.7847528366077438
MIN(credit.AMT_BALANCE),1.5234954826551705,2.7443683472991913
MIN(credit.AMT_CREDIT_LIMIT_ACTUAL),-1.0986122883681098,-0.3075853548825235
MIN(credit.AMT_DRAWINGS_ATM_CURRENT),-1.791759468628055,-0.3285129526384405
MIN(credit.AMT_DRAWINGS_CURRENT),-23.025850929940457,-23.025850929940457
MIN(credit.AMT_DRAWINGS_OTHER_CURRENT),-23.025850929940457,-23.025850929940457
MIN(credit.AMT_DRAWINGS_POS_CURRENT),-2.65675690528966,-1.3527044437482107
MIN(credit.AMT_INST_MIN_REGULARITY),-23.025850929940457,-23.025850929940457
MIN(credit.AMT_PAYMENT_CURRENT),-0.17869178862381077,0.7381575073010147
MIN(credit.AMT_PAYMENT_TOTAL_CURRENT),-23.025850929940457,-23.025850929940457
MIN(credit.AMT_RECEIVABLE_PRINCIPAL),0.6931471806099453,2.0600501221135956
MIN(credit.AMT_RECIVABLE),0.05505977727767026,1.4204289105211352
MIN(credit.AMT_TOTAL_RECEIVABLE),0.916290731914155,2.0570700644370437
MIN(credit.CNT_DRAWINGS_ATM_CURRENT),-1.0986122883681098,0.3626715771204097
MIN(credit.CNT_DRAWINGS_CURRENT),-23.025850929940457,-23.025850929940457
MIN(credit.CNT_DRAWINGS_OTHER_CURRENT),-23.025850929940457,-23.025850929940457
MIN(credit.CNT_DRAWINGS_POS_CURRENT),-23.025850929940457,-23.025850929940457
MIN(credit.CNT_INSTALMENT_MATURE_CUM),-23.025850929940457,-23.025850929940457
MIN(credit.MONTHS_BALANCE),-23.025850929940457,-23.025850929940457
MIN(credit.SK_DPD),-23.025850929940457,-23.025850929940457
MIN(credit.SK_DPD_DEF),-23.025850929940457,-23.025850929940457
MIN(credit.SK_ID_CURR),-23.025850929940457,-23.025850929940457
MODE(credit.NAME_CONTRACT_STATUS),-23.025850929940457,-23.025850929940457
SUM(credit.AMT_BALANCE),-0.9808292527450595,0.2607592352111203
SUM(credit.AMT_CREDIT_LIMIT_ACTUAL),-0.7985076959955493,0.21444935375833393
SUM(credit.AMT_DRAWINGS_ATM_CURRENT),-0.07410797204602952,0.925555584920143
SUM(credit.AMT_DRAWINGS_CURRENT),-1.2992829837635942,-0.4716292594279981
SUM(credit.AMT_DRAWINGS_OTHER_CURRENT),-23.025850929940457,-23.025850929940457
SUM(credit.AMT_DRAWINGS_POS_CURRENT),-0.48550781561920076,0.5467560514819987
SUM(credit.AMT_INST_MIN_REGULARITY),-0.7884573601442701,0.39168227965456914
SUM(credit.AMT_PAYMENT_CURRENT),0.10536051574782636,0.8744548907943749
SUM(credit.AMT_PAYMENT_TOTAL_CURRENT),-0.2513144281523346,0.8710071105198272
SUM(credit.AMT_RECEIVABLE_PRINCIPAL),-0.3364722364812129,0.7909072842053929
SUM(credit.AMT_RECIVABLE),-0.916290731624155,0.6343737701530455
SUM(credit.AMT_TOTAL_RECEIVABLE),-0.6931471803599453,0.527946586433212
SUM(credit.CNT_DRAWINGS_ATM_CURRENT),0.44628710269241945,1.5324249870724762
SUM(credit.CNT_DRAWINGS_CURRENT),0.36290549375893366,1.3451422227063028
SUM(credit.CNT_DRAWINGS_OTHER_CURRENT),-23.025850929940457,-23.025850929940457
SUM(credit.CNT_DRAWINGS_POS_CURRENT),1.000000082690371e-10,1.208337332798627
SUM(credit.CNT_INSTALMENT_MATURE_CUM),-1.2039728039926025,-0.42564936277261234
SUM(credit.MONTHS_BALANCE),-23.025850929940457,-23.025850929940457
SUM(credit.SK_DPD),-1.3862943607198905,-0.5959862220766501
SUM(credit.SK_DPD_DEF),-23.025850929940457,-23.025850929940457
SUM(credit.SK_ID_CURR),-1.1124056104962787,-0.184545477108001
MAX(bureau.COUNT(bureau_balance)),-2.1177604051507224,-1.142564362866642
MAX(bureau.MEAN(bureau_balance.MONTHS_BALANCE)),-0.17185025680790927,0.6708452048774548
MAX(bureau.MIN(bureau_balance.MONTHS_BALANCE)),-0.8109302159913288,0.32881981207342836
MAX(bureau.SUM(bureau_balance.MONTHS_BALANCE)),-0.661398482051615,0.24202328976992704
MEAN(bureau.COUNT(bureau_balance)),-0.3364722364812129,0.657443306291787
MEAN(bureau.MAX(bureau_balance.MONTHS_BALANCE)),-1.0116009114034799,-0.15765246895891058
MEAN(bureau.MEAN(bureau_balance.MONTHS_BALANCE)),-0.7191226667579428,0.23430660491452712
MEAN(bureau.MIN(bureau_balance.MONTHS_BALANCE)),-0.18924199951769508,0.7478321933665001
MEAN(bureau.SUM(bureau_balance.MONTHS_BALANCE)),-1.6193882427822683,-0.6791283712441621
MIN(bureau.COUNT(bureau_balance)),-1.0732944803913198,0.011854322112439192
MIN(bureau.MAX(bureau_balance.MONTHS_BALANCE)),-1.2809338451020642,-0.409471803767598
MIN(bureau.MEAN(bureau_balance.MONTHS_BALANCE)),-0.9279867713844052,0.041506677220677995
MIN(bureau.SUM(bureau_balance.MONTHS_BALANCE)),-0.6638767980656013,0.2362155622272339
MODE(bureau.MODE(bureau_balance.STATUS)),-23.025850929940457,-23.025850929940457
SUM(bureau.MAX(bureau_balance.MONTHS_BALANCE)),-1.4542450226002732,-0.6468101395270132
SUM(bureau.MEAN(bureau_balance.MONTHS_BALANCE)),-0.8209805518425575,0.14953641112270555
SUM(bureau.MIN(bureau_balance.MONTHS_BALANCE)),0.060624621910552505,1.0825432164946456
MAX(bureau_balance.bureau.AMT_ANNUITY),-1.0498221242129635,-0.2603939608608211
MAX(bureau_balance.bureau.AMT_CREDIT_MAX_OVERDUE),-0.9975161715255871,-0.1183068738213813
MAX(bureau_balance.bureau.AMT_CREDIT_SUM),-0.42608439515777513,0.4477274073733002
MAX(bureau_balance.bureau.AMT_CREDIT_SUM_DEBT),-0.14359091949681482,0.8046104628342882
MAX(bureau_balance.bureau.AMT_CREDIT_SUM_LIMIT),-1.1394342828758648,-0.18298090758169924
MAX(bureau_balance.bureau.AMT_CREDIT_SUM_OVERDUE),-0.5596157877604226,0.2312917201983193
MAX(bureau_balance.bureau.CNT_CREDIT_PROLONG),-23.025850929940457,-23.025850929940457
MAX(bureau_balance.bureau.CREDIT_DAY_OVERDUE),-23.025850929940457,-23.025850929940457
MAX(bureau_balance.bureau.DAYS_CREDIT),0.5955087110511574,1.5723039805764274
MAX(bureau_balance.bureau.DAYS_CREDIT_ENDDATE),-1.0516953685941082,-0.17198213227157402
MAX(bureau_balance.bureau.DAYS_CREDIT_UPDATE),-0.8602012649867479,0.06025647495375406
MAX(bureau_balance.bureau.DAYS_ENDDATE_FACT),-1.6284861068951793,-0.6279350237389091
MEAN(bureau_balance.bureau.AMT_ANNUITY),-0.5877866647221189,0.2655973399478189
MEAN(bureau_balance.bureau.AMT_CREDIT_MAX_OVERDUE),-0.7259370031762694,0.24800850164769322
MEAN(bureau_balance.bureau.AMT_CREDIT_SUM),-0.40546510795816443,0.542030709954514
MEAN(bureau_balance.bureau.AMT_CREDIT_SUM_DEBT),-0.428995605364787,0.5557600118107411
MEAN(bureau_balance.bureau.AMT_CREDIT_SUM_LIMIT),-2.169053699494523,-1.1723917960824488
MEAN(bureau_balance.bureau.AMT_CREDIT_SUM_OVERDUE),-0.42608439515777513,0.5084404302837481
MEAN(bureau_balance.bureau.CNT_CREDIT_PROLONG),-23.025850929940457,-23.025850929940457
MEAN(bureau_balance.bureau.CREDIT_DAY_OVERDUE),-23.025850929940457,-23.025850929940457
MEAN(bureau_balance.bureau.DAYS_CREDIT),-0.7004732204505476,0.27804127895707687
MEAN(bureau_balance.bureau.DAYS_CREDIT_ENDDATE),-0.8157495024261907,0.1676308476456016
MEAN(bureau_balance.bureau.DAYS_CREDIT_UPDATE),-1.4939250248668015,-0.6013523835951589
MEAN(bureau_balance.bureau.DAYS_ENDDATE_FACT),-1.4997947345361962,-0.6775827834396476
MIN(bureau_balance.bureau.AMT_ANNUITY),-2.1400661626462707,-1.322626708504626
MIN(bureau_balance.bureau.AMT_CREDIT_MAX_OVERDUE),-1.1895840665452648,-0.13108686854612472
MIN(bureau_balance.bureau.AMT_CREDIT_SUM),-0.5996211223669788,0.3097279274184248
MIN(bureau_balance.bureau.AMT_CREDIT_SUM_DEBT),-0.9465960811117916,0.11897441587681161
MIN(bureau_balance.bureau.AMT_CREDIT_SUM_LIMIT),-2.327277704559417,-1.3295142851923825
MIN(bureau_balance.bureau.AMT_CREDIT_SUM_OVERDUE),-23.025850929940457,-23.025850929940457
MIN(bureau_balance.bureau.CNT_CREDIT_PROLONG),-23.025850929940457,-23.025850929940457
MIN(bureau_balance.bureau.CREDIT_DAY_OVERDUE),-23.025850929940457,-23.025850929940457
MIN(bureau_balance.bureau.DAYS_CREDIT),-1.3217558396073195,-0.5613385991560782
MIN(bureau_balance.bureau.DAYS_CREDIT_ENDDATE),-0.6720937711662797,0.24062101387517246
MIN(bureau_balance.bureau.DAYS_CREDIT_UPDATE),-0.6931471803599453,0.35046814983311125
MIN(bureau_balance.bureau.DAYS_ENDDATE_FACT),-1.5096175766993893,-0.6939005367480808
MODE(bureau_balance.bureau.CREDIT_ACTIVE),0.6931471806099453,2.335039373286083
MODE(bureau_balance.bureau.CREDIT_CURRENCY),-23.025850929940457,-23.025850929940457
MODE(bureau_balance.bureau.CREDIT_TYPE),-23.025850929940457,-23.025850929940457
SUM(bureau_balance.bureau.AMT_ANNUITY),-1.6739764330383382,-0.6212214722377881
SUM(bureau_balance.bureau.AMT_CREDIT_MAX_OVERDUE),-1.9187591593081124,-1.0800512303283514
SUM(bureau_balance.bureau.AMT_CREDIT_SUM),0.15048095102432538,1.5145523927571758
SUM(bureau_balance.bureau.AMT_CREDIT_SUM_DEBT),-0.8266785729558965,0.08424157158718568
SUM(bureau_balance.bureau.AMT_CREDIT_SUM_LIMIT),-2.351375256113478,-1.5398644526981768
SUM(bureau_balance.bureau.AMT_CREDIT_SUM_OVERDUE),-23.025850929940457,-23.025850929940457
SUM(bureau_balance.bureau.CNT_CREDIT_PROLONG),-2.957511058808793,-2.0849881818711924
SUM(bureau_balance.bureau.CREDIT_DAY_OVERDUE),-23.025850929940457,-23.025850929940457
SUM(bureau_balance.bureau.DAYS_CREDIT),-1.5040773963262741,-0.40924220795409255
SUM(bureau_balance.bureau.DAYS_CREDIT_ENDDATE),-1.7047480916884252,-0.8326014387851597
SUM(bureau_balance.bureau.DAYS_CREDIT_UPDATE),-1.4816045404842155,-0.12341598770565804
SUM(bureau_balance.bureau.DAYS_ENDDATE_FACT),-1.3480731479146928,-0.20552062106896943
MAX(previous.COUNT(cash)),-1.0360919314049575,-0.07975037758901375
MAX(previous.COUNT(credit)),-0.40546510795816443,0.47004900842357233
MAX(previous.COUNT(installments)),-0.9555114447674362,-0.017459468829871014
MAX(previous.MEAN(cash.CNT_INSTALMENT)),0.4328640823611437,1.3242834209272998
MAX(previous.MEAN(cash.CNT_INSTALMENT_FUTURE)),0.9784679768636351,1.944140404848231
MAX(previous.MEAN(cash.MONTHS_BALANCE)),-0.15415067971059168,0.7707715840834743
MAX(previous.MEAN(cash.SK_DPD)),0.19105523684531792,1.1503304684517852
MAX(previous.MEAN(cash.SK_DPD_DEF)),1.2725354757912446,2.448925170994827
MAX(previous.MEAN(cash.SK_ID_CURR)),-23.025850929940457,-23.025850929940457
MAX(previous.MEAN(credit.AMT_BALANCE)),1.5581446180676024,2.980864538999979
MAX(previous.MEAN(credit.AMT_CREDIT_LIMIT_ACTUAL)),-1.5404450404804821,-0.6288604806833916
MAX(previous.MEAN(credit.AMT_DRAWINGS_ATM_CURRENT)),1.3633048429207733,2.4702801073123712
MAX(previous.MEAN(credit.AMT_DRAWINGS_CURRENT)),0.11778303574527235,1.2895961675407945
MAX(previous.MEAN(credit.AMT_DRAWINGS_OTHER_CURRENT)),-23.025850929940457,-23.025850929940457
MAX(previous.MEAN(credit.AMT_DRAWINGS_POS_CURRENT)),-0.3364722364812129,0.7193162235794507
MAX(previous.MEAN(credit.AMT_INST_MIN_REGULARITY)),0.5389965007910202,1.537305327836626
MAX(previous.MEAN(credit.AMT_PAYMENT_CURRENT)),0.41173472118800986,1.3819462318527418
MAX(previous.MEAN(credit.AMT_PAYMENT_TOTAL_CURRENT)),0.40546510817483106,1.4170647842047024
MAX(previous.MEAN(credit.AMT_RECEIVABLE_PRINCIPAL)),1.4663370688165038,2.7065784364448797
MAX(previous.MEAN(credit.AMT_RECIVABLE)),1.871802176916976,3.691449084852786
MAX(previous.MEAN(credit.AMT_TOTAL_RECEIVABLE)),1.000000082690371e-10,1.898856810453782
MAX(previous.MEAN(credit.CNT_DRAWINGS_ATM_CURRENT)),3.226122233392939,4.902047009598277
MAX(previous.MEAN(credit.CNT_DRAWINGS_CURRENT)),1.9136492868518458,3.433986682204484
MAX(previous.MEAN(credit.CNT_DRAWINGS_OTHER_CURRENT)),-23.025850929940457,-23.025850929940457
MAX(previous.MEAN(credit.CNT_DRAWINGS_POS_CURRENT)),-0.1335313925102369,1.0013372336118147
MAX(previous.MEAN(credit.CNT_INSTALMENT_MATURE_CUM)),-0.6931471803599453,0.23419745889454824
MAX(previous.MEAN(credit.MONTHS_BALANCE)),-0.5596157877604226,0.28932726805799414
MAX(previous.MEAN(credit.SK_DPD)),-0.6931471803599453,0.387497165565554
MAX(previous.MEAN(credit.SK_DPD_DEF)),0.13353139271202258,1.2911612589228474
MAX(previous.MEAN(credit.SK_ID_CURR)),-23.025850929940457,-23.025850929940457
MAX(previous.MEAN(installments.AMT_INSTALMENT)),-0.02597548630062909,0.8104383846849006
MAX(previous.MEAN(installments.AMT_PAYMENT)),0.6728074963738501,1.7604228530005877
MAX(previous.MEAN(installments.DAYS_ENTRY_PAYMENT)),-0.44490684000342656,0.3990691948525282
MAX(previous.MEAN(installments.DAYS_INSTALMENT)),-1.1050020864649577,-0.2013212513206804
MAX(previous.MEAN(installments.NUM_INSTALMENT_NUMBER)),-0.19105523664165658,0.6715247091665806
MAX(previous.MEAN(installments.NUM_INSTALMENT_VERSION)),-0.3060926341591499,0.6264818785553475
MAX(previous.MEAN(installments.SK_ID_CURR)),-23.025850929940457,-23.025850929940457
MAX(previous.MIN(cash.CNT_INSTALMENT)),-0.510825623599324,0.46195331859380273
MAX(previous.MIN(cash.CNT_INSTALMENT_FUTURE)),0.3053816496248661,1.2097431188838514
MAX(previous.MIN(cash.MONTHS_BALANCE)),-0.04445176246628834,0.9233152229145061
MAX(previous.MIN(cash.SK_DPD)),-23.025850929940457,-23.025850929940457
MAX(previous.MIN(cash.SK_DPD_DEF)),-23.025850929940457,-23.025850929940457
MAX(previous.MIN(cash.SK_ID_CURR)),-23.025850929940457,-23.025850929940457
MAX(previous.MIN(credit.AMT_BALANCE)),1.1394342832203648,2.6084753732040578
MAX(previous.MIN(credit.AMT_CREDIT_LIMIT_ACTUAL)),-1.0986122883681098,0.23437105239607509
MAX(previous.MIN(credit.AMT_DRAWINGS_ATM_CURRENT)),-23.025850929940457,-23.025850929940457
MAX(previous.MIN(credit.AMT_DRAWINGS_CURRENT)),-23.025850929940457,-23.025850929940457
MAX(previous.MIN(credit.AMT_DRAWINGS_OTHER_CURRENT)),-23.025850929940457,-23.025850929940457
MAX(previous.MIN(credit.AMT_DRAWINGS_POS_CURRENT)),-2.0794415408798357,-1.1103575944563784
MAX(previous.MIN(credit.AMT_INST_MIN_REGULARITY)),-23.025850929940457,-23.025850929940457
MAX(previous.MIN(credit.AMT_PAYMENT_CURRENT)),-0.45198512358591436,0.5515227094257649
MAX(previous.MIN(credit.AMT_PAYMENT_TOTAL_CURRENT)),-23.025850929940457,-23.025850929940457
MAX(previous.MIN(credit.AMT_RECEIVABLE_PRINCIPAL)),0.28768207252678085,1.8945786180765376
MAX(previous.MIN(credit.AMT_RECIVABLE)),-0.6931471803599453,0.3274128852082246
MAX(previous.MIN(credit.AMT_TOTAL_RECEIVABLE)),1.000000082690371e-10,1.7108041674314254
MAX(previous.MIN(credit.CNT_DRAWINGS_ATM_CURRENT)),-23.025850929940457,-23.025850929940457
MAX(previous.MIN(credit.CNT_DRAWINGS_CURRENT)),-23.025850929940457,-23.025850929940457
MAX(previous.MIN(credit.CNT_DRAWINGS_OTHER_CURRENT)),-23.025850929940457,-23.025850929940457
MAX(previous.MIN(credit.CNT_DRAWINGS_POS_CURRENT)),-23.025850929940457,-23.025850929940457
MAX(previous.MIN(credit.CNT_INSTALMENT_MATURE_CUM)),-23.025850929940457,-23.025850929940457
MAX(previous.MIN(credit.MONTHS_BALANCE)),-1.3862943607198905,-0.3889392754022424
MAX(previous.MIN(credit.SK_DPD)),-23.025850929940457,-23.025850929940457
MAX(previous.MIN(credit.SK_DPD_DEF)),-23.025850929940457,-23.025850929940457
MAX(previous.MIN(credit.SK_ID_CURR)),-23.025850929940457,-23.025850929940457
MAX(previous.MIN(installments.AMT_INSTALMENT)),0.3334916085547168,1.4397491333485894
MAX(previous.MIN(installments.AMT_PAYMENT)),2.0291408032181817,4.168015332363666
MAX(previous.MIN(installments.DAYS_ENTRY_PAYMENT)),-0.8109302159913288,0.09420824027992301
MAX(previous.MIN(installments.DAYS_INSTALMENT)),-0.5877866647221189,0.42773370204506656
MAX(previous.MIN(installments.NUM_INSTALMENT_NUMBER)),-23.025850929940457,-23.025850929940457
MAX(previous.MIN(installments.NUM_INSTALMENT_VERSION)),-1.3862943607198905,0.00571294897091977
MAX(previous.MIN(installments.SK_ID_CURR)),-23.025850929940457,-23.025850929940457
MAX(previous.SUM(cash.CNT_INSTALMENT)),-1.252762968145368,-0.30906937538210616
MAX(previous.SUM(cash.CNT_INSTALMENT_FUTURE)),-0.37729423099563475,0.5007700760547973
MAX(previous.SUM(cash.MONTHS_BALANCE)),-1.4552872321782706,-0.45909861884654846
MAX(previous.SUM(cash.SK_DPD)),-0.6931471803599453,0.2625987919509466
MAX(previous.SUM(cash.SK_DPD_DEF)),1.0258529344215304,2.235700613491814
MAX(previous.SUM(cash.SK_ID_CURR)),-0.536626269539701,0.33634663477058424
MAX(previous.SUM(credit.AMT_BALANCE)),1.000000082690371e-10,1.0321275771125382
MAX(previous.SUM(credit.AMT_CREDIT_LIMIT_ACTUAL)),-1.3862943607198905,-0.2231455659698171
MAX(previous.SUM(credit.AMT_DRAWINGS_ATM_CURRENT)),-0.1177830355438835,1.0604965944040532
MAX(previous.SUM(credit.AMT_DRAWINGS_CURRENT)),-0.510825623599324,0.5018594488938996
MAX(previous.SUM(credit.AMT_DRAWINGS_OTHER_CURRENT)),-23.025850929940457,-23.025850929940457
MAX(previous.SUM(credit.AMT_DRAWINGS_POS_CURRENT)),-0.7884573601442701,0.18230268524963733
MAX(previous.SUM(credit.AMT_INST_MIN_REGULARITY)),-0.40546510795816443,0.4400446126607094
MAX(previous.SUM(credit.AMT_PAYMENT_CURRENT)),-0.28768207231844756,0.5853595774721532
MAX(previous.SUM(credit.AMT_PAYMENT_TOTAL_CURRENT)),-0.6931471803599453,0.2688783218119447
MAX(previous.SUM(credit.AMT_RECEIVABLE_PRINCIPAL)),-0.2231435511892097,0.8987643871576957
MAX(previous.SUM(credit.AMT_RECIVABLE)),-0.510825623599324,0.5345334791081296
MAX(previous.SUM(credit.AMT_TOTAL_RECEIVABLE)),-1.0986122883681098,0.315258101661498
MAX(previous.SUM(credit.CNT_DRAWINGS_ATM_CURRENT)),0.3022808719468467,1.376897840600665
MAX(previous.SUM(credit.CNT_DRAWINGS_CURRENT)),-0.16705408454498438,0.8674691297832893
MAX(previous.SUM(credit.CNT_DRAWINGS_OTHER_CURRENT)),-23.025850929940457,-23.025850929940457
MAX(previous.SUM(credit.CNT_DRAWINGS_POS_CURRENT)),-0.45198512358591436,0.5639111250874238
MAX(previous.SUM(credit.CNT_INSTALMENT_MATURE_CUM)),-1.0986122883681098,0.05216477155820871
MAX(previous.SUM(credit.MONTHS_BALANCE)),-23.025850929940457,-23.025850929940457
MAX(previous.SUM(credit.SK_DPD)),-0.9808292527450595,-0.011636359508779339
MAX(previous.SUM(credit.SK_DPD_DEF)),-23.025850929940457,-23.025850929940457
MAX(previous.SUM(credit.SK_ID_CURR)),-0.6286086592348741,0.426751123839768
MAX(previous.SUM(installments.AMT_INSTALMENT)),-0.28768207231844756,0.7045883654513919
MAX(previous.SUM(installments.AMT_PAYMENT)),0.14723023706899413,1.0817862965492344
MAX(previous.SUM(installments.DAYS_ENTRY_PAYMENT)),-0.9343092371222879,-0.06985111915269071
MAX(previous.SUM(installments.DAYS_INSTALMENT)),-1.2383742306982684,-0.14681220348680826
MAX(previous.SUM(installments.NUM_INSTALMENT_NUMBER)),-1.2809338451020642,-0.26161271765551275
MAX(previous.SUM(installments.NUM_INSTALMENT_VERSION)),-1.142097400294515,-0.36381760987533734
MAX(previous.SUM(installments.SK_ID_CURR)),-0.4321333550362716,0.37872879112064606
MEAN(previous.COUNT(cash)),1.9644721669293959,3.4445894203067944
MEAN(previous.COUNT(credit)),-0.7827593390308825,0.13304376849005076
MEAN(previous.COUNT(installments)),0.837921664801909,1.8666622599466247
MEAN(previous.MAX(cash.CNT_INSTALMENT)),1.4494732627648916,2.355963011043493
MEAN(previous.MAX(cash.CNT_INSTALMENT_FUTURE)),1.5686159179346786,2.5906979049960754
MEAN(previous.MAX(cash.MONTHS_BALANCE)),-0.6241543088863272,0.21837411533387516
MEAN(previous.MAX(cash.SK_DPD)),0.6701576623864094,1.738110874719893
MEAN(previous.MAX(cash.SK_DPD_DEF)),1.9975244192255162,3.1529965099308783
MEAN(previous.MAX(cash.SK_ID_CURR)),-23.025850929940457,-23.025850929940457
MEAN(previous.MAX(credit.AMT_BALANCE)),0.6931471806099453,2.1124344971315394
MEAN(previous.MAX(credit.AMT_CREDIT_LIMIT_ACTUAL)),-1.9459101483553132,-0.8854567840119895
MEAN(previous.MAX(credit.AMT_DRAWINGS_ATM_CURRENT)),-0.15415067971059168,0.8281613322162766
MEAN(previous.MAX(credit.AMT_DRAWINGS_CURRENT)),-0.6931471803599453,-0.012145150386922786
MEAN(previous.MAX(credit.AMT_DRAWINGS_OTHER_CURRENT)),-23.025850929940457,-23.025850929940457
MEAN(previous.MAX(credit.AMT_DRAWINGS_POS_CURRENT)),1.000000082690371e-10,0.8904363187693023
MEAN(previous.MAX(credit.AMT_INST_MIN_REGULARITY)),0.2513144283586839,1.1652862200655658
MEAN(previous.MAX(credit.AMT_PAYMENT_CURRENT)),0.8602012652654192,1.8511429527706513
MEAN(previous.MAX(credit.AMT_PAYMENT_TOTAL_CURRENT)),0.22314355139420974,1.3454256105032132
MEAN(previous.MAX(credit.AMT_RECEIVABLE_PRINCIPAL)),0.3448404863625629,1.6330054600489543
MEAN(previous.MAX(credit.AMT_RECIVABLE)),-0.40546510795816443,0.7579883919514158
MEAN(previous.MAX(credit.AMT_TOTAL_RECEIVABLE)),1.000000082690371e-10,1.558664272330282
MEAN(previous.MAX(credit.CNT_DRAWINGS_ATM_CURRENT)),0.934309237416119,2.288416865416385
MEAN(previous.MAX(credit.CNT_DRAWINGS_CURRENT)),1.8152899666545281,3.03899950599469
MEAN(previous.MAX(credit.CNT_DRAWINGS_OTHER_CURRENT)),-23.025850929940457,-23.025850929940457
MEAN(previous.MAX(credit.CNT_DRAWINGS_POS_CURRENT)),0.2513144283586839,1.4278961588797219
MEAN(previous.MAX(credit.CNT_INSTALMENT_MATURE_CUM)),-23.025850929940457,-23.025850929940457
MEAN(previous.MAX(credit.MONTHS_BALANCE)),-23.025850929940457,-23.025850929940457
MEAN(previous.MAX(credit.SK_DPD)),-1.178654996016646,0.2004401740620609
MEAN(previous.MAX(credit.SK_DPD_DEF)),-23.025850929940457,-23.025850929940457
MEAN(previous.MAX(credit.SK_ID_CURR)),-23.025850929940457,-23.025850929940457
MEAN(previous.MAX(installments.AMT_INSTALMENT)),1.000000082690371e-10,0.9311084577221449
MEAN(previous.MAX(installments.AMT_PAYMENT)),0.04473589393701652,0.9822793027140825
MEAN(previous.MAX(installments.DAYS_ENTRY_PAYMENT)),-0.114410351065623,0.9371722955340451
MEAN(previous.MAX(installments.DAYS_INSTALMENT)),-0.43445264482700485,0.5793281116446006
MEAN(previous.MAX(installments.NUM_INSTALMENT_NUMBER)),1.316865854714925,2.7004055078399323
MEAN(previous.MAX(installments.NUM_INSTALMENT_VERSION)),-0.17693070803972336,0.7381690382056004
MEAN(previous.MAX(installments.SK_ID_CURR)),-23.025850929940457,-23.025850929940457
MEAN(previous.MEAN(cash.CNT_INSTALMENT)),0.8397506547950025,1.7706339359258922
MEAN(previous.MEAN(cash.CNT_INSTALMENT_FUTURE)),1.975237764163706,3.083920390733942
MEAN(previous.MEAN(cash.MONTHS_BALANCE)),-0.40546510795816443,0.5415470523065585
MEAN(previous.MEAN(cash.SK_DPD)),0.606135803624861,1.6007678406269916
MEAN(previous.MEAN(cash.SK_DPD_DEF)),2.444632750658736,3.8473775529878425
MEAN(previous.MEAN(cash.SK_ID_CURR)),-23.025850929940457,-23.025850929940457
MEAN(previous.MEAN(credit.AMT_BALANCE)),1.098612288701443,2.842773076116883
MEAN(previous.MEAN(credit.AMT_CREDIT_LIMIT_ACTUAL)),-1.9459101483553132,-1.1668365470560285
MEAN(previous.MEAN(credit.AMT_DRAWINGS_ATM_CURRENT)),1.2611312181942178,2.683123834635824
MEAN(previous.MEAN(credit.AMT_DRAWINGS_CURRENT)),1.000000082690371e-10,1.4707013829053996
MEAN(previous.MEAN(credit.AMT_DRAWINGS_OTHER_CURRENT)),-23.025850929940457,-23.025850929940457
MEAN(previous.MEAN(credit.AMT_DRAWINGS_POS_CURRENT)),-0.510825623599324,0.4646819417730994
MEAN(previous.MEAN(credit.AMT_INST_MIN_REGULARITY)),0.8109302162607732,2.0142036506033882
MEAN(previous.MEAN(credit.AMT_PAYMENT_CURRENT)),0.6931471806099453,1.8273844834361568
MEAN(previous.MEAN(credit.AMT_PAYMENT_TOTAL_CURRENT)),-0.6931471803599453,0.4352304981557542
MEAN(previous.MEAN(credit.AMT_RECEIVABLE_PRINCIPAL)),1.3862943611448906,2.808784662732621
MEAN(previous.MEAN(credit.AMT_RECIVABLE)),1.3862943611448906,5.457179639026088
MEAN(previous.MEAN(credit.AMT_TOTAL_RECEIVABLE)),-23.025850929940457,-23.025850929940457
MEAN(previous.MEAN(credit.CNT_DRAWINGS_ATM_CURRENT)),3.2088254890187393,4.960989498523459
MEAN(previous.MEAN(credit.CNT_DRAWINGS_CURRENT)),2.114532861503175,3.7812346922534608
MEAN(previous.MEAN(credit.CNT_DRAWINGS_OTHER_CURRENT)),-23.025850929940457,-23.025850929940457
MEAN(previous.MEAN(credit.CNT_DRAWINGS_POS_CURRENT)),-23.025850929940457,-23.025850929940457
MEAN(previous.MEAN(credit.CNT_INSTALMENT_MATURE_CUM)),-0.965080895781087,-0.04840143533188931
MEAN(previous.MEAN(credit.MONTHS_BALANCE)),-23.025850929940457,-23.025850929940457
MEAN(previous.MEAN(credit.SK_DPD)),-0.28768207231844756,0.9709536234830596
MEAN(previous.MEAN(credit.SK_DPD_DEF)),-23.025850929940457,-23.025850929940457
MEAN(previous.MEAN(credit.SK_ID_CURR)),-23.025850929940457,-23.025850929940457
MEAN(previous.MEAN(installments.AMT_INSTALMENT)),1.000000082690371e-10,0.8201035445852614
MEAN(previous.MEAN(installments.AMT_PAYMENT)),0.06771817414840325,1.0359158975954654
MEAN(previous.MEAN(installments.DAYS_ENTRY_PAYMENT)),0.20173964273278705,1.1334592798835184
MEAN(previous.MEAN(installments.DAYS_INSTALMENT)),1.000000082690371e-10,0.9711342950150725
MEAN(previous.MEAN(installments.NUM_INSTALMENT_NUMBER)),-0.4554755285251334,0.4934214509121362
MEAN(previous.MEAN(installments.NUM_INSTALMENT_VERSION)),-0.4353180711033,0.5154072109837388
MEAN(previous.MEAN(installments.SK_ID_CURR)),-23.025850929940457,-23.025850929940457
MEAN(previous.MIN(cash.CNT_INSTALMENT)),-0.4155154438101506,0.435030272874784
MEAN(previous.MIN(cash.CNT_INSTALMENT_FUTURE)),0.7266698726469406,1.6272005854869516
MEAN(previous.MIN(cash.MONTHS_BALANCE)),0.2006706955439694,1.1276351244890415
MEAN(previous.MIN(cash.SK_DPD)),-23.025850929940457,-23.025850929940457
MEAN(previous.MIN(cash.SK_DPD_DEF)),-23.025850929940457,-23.025850929940457
MEAN(previous.MIN(cash.SK_ID_CURR)),-23.025850929940457,-23.025850929940457
MEAN(previous.MIN(credit.AMT_BALANCE)),0.8109302162607732,2.7697589990751523
MEAN(previous.MIN(credit.AMT_CREDIT_LIMIT_ACTUAL)),-1.3862943607198905,-0.3412238927913014
MEAN(previous.MIN(credit.AMT_DRAWINGS_ATM_CURRENT)),-23.025850929940457,-23.025850929940457
MEAN(previous.MIN(credit.AMT_DRAWINGS_CURRENT)),-23.025850929940457,-23.025850929940457
MEAN(previous.MIN(credit.AMT_DRAWINGS_OTHER_CURRENT)),-23.025850929940457,-23.025850929940457
MEAN(previous.MIN(credit.AMT_DRAWINGS_POS_CURRENT)),-23.025850929940457,-23.025850929940457
MEAN(previous.MIN(credit.AMT_INST_MIN_REGULARITY)),-23.025850929940457,-23.025850929940457
MEAN(previous.MIN(credit.AMT_PAYMENT_CURRENT)),-0.2719337153523918,0.8262686880844599
MEAN(previous.MIN(credit.AMT_PAYMENT_TOTAL_CURRENT)),-23.025850929940457,-23.025850929940457
MEAN(previous.MIN(credit.AMT_RECEIVABLE_PRINCIPAL)),0.28768207252678085,1.6168073380364498
MEAN(previous.MIN(credit.AMT_RECIVABLE)),-0.6931471803599453,1.2788046265471014
MEAN(previous.MIN(credit.AMT_TOTAL_RECEIVABLE)),1.000000082690371e-10,4.0049868233953045
MEAN(previous.MIN(credit.CNT_DRAWINGS_ATM_CURRENT)),-23.025850929940457,-23.025850929940457
MEAN(previous.MIN(credit.CNT_DRAWINGS_CURRENT)),-23.025850929940457,-23.025850929940457
MEAN(previous.MIN(credit.CNT_DRAWINGS_OTHER_CURRENT)),-23.025850929940457,-23.025850929940457
MEAN(previous.MIN(credit.CNT_DRAWINGS_POS_CURRENT)),-23.025850929940457,-23.025850929940457
MEAN(previous.MIN(credit.CNT_INSTALMENT_MATURE_CUM)),-23.025850929940457,-23.025850929940457
MEAN(previous.MIN(credit.MONTHS_BALANCE)),-1.0986122883681098,0.3842439780961581
MEAN(previous.MIN(credit.SK_DPD)),-23.025850929940457,-23.025850929940457
MEAN(previous.MIN(credit.SK_DPD_DEF)),-23.025850929940457,-23.025850929940457
MEAN(previous.MIN(credit.SK_ID_CURR)),-23.025850929940457,-23.025850929940457
MEAN(previous.MIN(installments.AMT_INSTALMENT)),0.4567584025590482,1.5927837559281048
MEAN(previous.MIN(installments.AMT_PAYMENT)),2.4691759883416298,4.767759310981478
MEAN(previous.MIN(installments.DAYS_ENTRY_PAYMENT)),0.4328640823611437,1.5591104251638417
MEAN(previous.MIN(installments.DAYS_INSTALMENT)),0.31994293474262137,1.494727698205235
MEAN(previous.MIN(installments.NUM_INSTALMENT_NUMBER)),-23.025850929940457,-23.025850929940457
MEAN(previous.MIN(installments.NUM_INSTALMENT_VERSION)),-1.0986122883681098,-0.04473190002529588
MEAN(previous.MIN(installments.SK_ID_CURR)),-23.025850929940457,-23.025850929940457
MEAN(previous.SUM(cash.CNT_INSTALMENT)),-0.06973333790745297,0.8075692686378002
MEAN(previous.SUM(cash.CNT_INSTALMENT_FUTURE)),-0.36772477998087294,0.5307510582171275
MEAN(previous.SUM(cash.MONTHS_BALANCE)),1.1966735018745442,2.5701320258427627
MEAN(previous.SUM(cash.SK_DPD)),-0.18232155667395458,0.8815739338575678
MEAN(previous.SUM(cash.SK_DPD_DEF)),1.4136933353323293,2.553813550282218
MEAN(previous.SUM(cash.SK_ID_CURR)),0.8124939382368865,1.92379965874209
MEAN(previous.SUM(credit.AMT_BALANCE)),-0.6061358033869823,0.47850533696667363
MEAN(previous.SUM(credit.AMT_CREDIT_LIMIT_ACTUAL)),-0.8602012649867479,0.047649233558623195
MEAN(previous.SUM(credit.AMT_DRAWINGS_ATM_CURRENT)),1.000000082690371e-10,0.9920015354893068
MEAN(previous.SUM(credit.AMT_DRAWINGS_CURRENT)),0.1112256351996981,1.0516221261362277
MEAN(previous.SUM(credit.AMT_DRAWINGS_OTHER_CURRENT)),-23.025850929940457,-23.025850929940457
MEAN(previous.SUM(credit.AMT_DRAWINGS_POS_CURRENT)),-0.7055697003560025,0.3133953400377
MEAN(previous.SUM(credit.AMT_INST_MIN_REGULARITY)),-1.252762968145368,-0.5255568181183171
MEAN(previous.SUM(credit.AMT_PAYMENT_CURRENT)),0.6931471806099453,1.9133777194563348
MEAN(previous.SUM(credit.AMT_PAYMENT_TOTAL_CURRENT)),0.348306694338804,1.4901241653859072
MEAN(previous.SUM(credit.AMT_RECEIVABLE_PRINCIPAL)),-0.5877866647221189,0.3677138763476944
MEAN(previous.SUM(credit.AMT_RECIVABLE)),-23.025850929940457,-23.025850929940457
MEAN(previous.SUM(credit.AMT_TOTAL_RECEIVABLE)),-23.025850929940457,-23.025850929940457
MEAN(previous.SUM(credit.CNT_DRAWINGS_ATM_CURRENT)),-0.05526267856936758,0.9116349253677424
MEAN(previous.SUM(credit.CNT_DRAWINGS_CURRENT)),0.22314355139420974,1.1322543513541308
MEAN(previous.SUM(credit.CNT_DRAWINGS_OTHER_CURRENT)),-23.025850929940457,-23.025850929940457
MEAN(previous.SUM(credit.CNT_DRAWINGS_POS_CURRENT)),-0.4924764849341577,0.44711588917684053
MEAN(previous.SUM(credit.CNT_INSTALMENT_MATURE_CUM)),-0.4418327521234836,0.5025064023648671
MEAN(previous.SUM(credit.MONTHS_BALANCE)),-0.5596157877604226,0.4036150499085134
MEAN(previous.SUM(credit.SK_DPD)),-2.7725887206397815,-1.9367066848357872
MEAN(previous.SUM(credit.SK_DPD_DEF)),-1.3217558396073195,-0.18503083855626148
MEAN(previous.SUM(credit.SK_ID_CURR)),-0.3053816494154676,0.6003227647174687
MEAN(previous.SUM(installments.AMT_INSTALMENT)),1.1234582872871557,2.2246873757179615
MEAN(previous.SUM(installments.AMT_PAYMENT)),1.8504519198179188,3.1225856547654005
MEAN(previous.SUM(installments.DAYS_ENTRY_PAYMENT)),1.5394593336438394,2.8862327567433943
MEAN(previous.SUM(installments.DAYS_INSTALMENT)),1.7382707842946512,3.2196833486348435
MEAN(previous.SUM(installments.NUM_INSTALMENT_NUMBER)),-0.07232066147212612,0.8285583241670539
MEAN(previous.SUM(installments.NUM_INSTALMENT_VERSION)),1.361499702532302,2.6544861062000433
MEAN(previous.SUM(installments.SK_ID_CURR)),0.2956502421753626,1.251345541873432
MIN(previous.COUNT(cash)),-2.094945727403301,-1.2491620063359024
MIN(previous.COUNT(credit)),-23.025850929940457,-23.025850929940457
MIN(previous.COUNT(installments)),-1.9459101483553132,-0.8325835286842511
MIN(previous.MAX(cash.CNT_INSTALMENT)),-0.24116205668961535,0.6775709279091194
MIN(previous.MAX(cash.CNT_INSTALMENT_FUTURE)),-0.42608439515777513,0.524561754477859
MIN(previous.MAX(cash.MONTHS_BALANCE)),-1.5404450404804821,-0.5586469791777786
MIN(previous.MAX(cash.SK_DPD)),1.3862943611448906,2.7786014512906307
MIN(previous.MAX(cash.SK_DPD_DEF)),1.5308755899526327,2.908506347188495
MIN(previous.MAX(cash.SK_ID_CURR)),-23.025850929940457,-23.025850929940457
MIN(previous.MAX(credit.AMT_BALANCE)),0.8472978604300608,2.104870082888224
MIN(previous.MAX(credit.AMT_CREDIT_LIMIT_ACTUAL)),-23.025850929940457,-23.025850929940457
MIN(previous.MAX(credit.AMT_DRAWINGS_ATM_CURRENT)),-0.04082199441608849,0.9501271095011409
MIN(previous.MAX(credit.AMT_DRAWINGS_CURRENT)),-0.6931471803599453,0.4644776858414673
MIN(previous.MAX(credit.AMT_DRAWINGS_OTHER_CURRENT)),-23.025850929940457,-23.025850929940457
MIN(previous.MAX(credit.AMT_DRAWINGS_POS_CURRENT)),-1.791759468628055,-0.6256478857667789
MIN(previous.MAX(credit.AMT_INST_MIN_REGULARITY)),-23.025850929940457,-23.025850929940457
MIN(previous.MAX(credit.AMT_PAYMENT_CURRENT)),0.7985076962627716,1.8335224737012434
MIN(previous.MAX(credit.AMT_PAYMENT_TOTAL_CURRENT)),-0.18232155667395458,1.4384974681420155
MIN(previous.MAX(credit.AMT_RECEIVABLE_PRINCIPAL)),-0.510825623599324,1.0743319968246658
MIN(previous.MAX(credit.AMT_RECIVABLE)),1.000000082690371e-10,1.3463359033212547
MIN(previous.MAX(credit.AMT_TOTAL_RECEIVABLE)),-0.2231435511892097,3.245745087966673
MIN(previous.MAX(credit.CNT_DRAWINGS_ATM_CURRENT)),0.8109302162607732,2.4216601423799022
MIN(previous.MAX(credit.CNT_DRAWINGS_CURRENT)),1.8870696490475312,3.399594390478873
MIN(previous.MAX(credit.CNT_DRAWINGS_OTHER_CURRENT)),-23.025850929940457,-23.025850929940457
MIN(previous.MAX(credit.CNT_DRAWINGS_POS_CURRENT)),0.22314355139420974,1.5626747421177187
MIN(previous.MAX(credit.CNT_INSTALMENT_MATURE_CUM)),-0.28768207231844756,0.766181678320588
MIN(previous.MAX(credit.MONTHS_BALANCE)),-23.025850929940457,-23.025850929940457
MIN(previous.MAX(credit.SK_DPD)),-1.0986122883681098,0.15135118253310495
MIN(previous.MAX(credit.SK_DPD_DEF)),-0.6931471803599453,1.0877196429591827
MIN(previous.MAX(credit.SK_ID_CURR)),-23.025850929940457,-23.025850929940457
MIN(previous.MAX(installments.AMT_INSTALMENT)),-0.09237332002133775,0.782818903956035
MIN(previous.MAX(installments.AMT_PAYMENT)),-0.5920510635078072,0.44368426414505524
MIN(previous.MAX(installments.DAYS_ENTRY_PAYMENT)),0.3379439073039926,1.4334700317673517
MIN(previous.MAX(installments.DAYS_INSTALMENT)),-0.5465437061953425,0.6107226676480134
MIN(previous.MAX(installments.NUM_INSTALMENT_NUMBER)),1.4469189829598548,2.9665484395944044
MIN(previous.MAX(installments.NUM_INSTALMENT_VERSION)),-0.8383291901731931,0.2876960616158196
MIN(previous.MAX(installments.SK_ID_CURR)),-23.025850929940457,-23.025850929940457
MIN(previous.MEAN(cash.CNT_INSTALMENT)),0.08701137708129637,1.1639830574780141
MIN(previous.MEAN(cash.CNT_INSTALMENT_FUTURE)),0.6639480259191645,1.881274229230086
MIN(previous.MEAN(cash.MONTHS_BALANCE)),-0.35667494379587533,0.6136076896558541
MIN(previous.MEAN(cash.SK_DPD)),1.7573580425279727,3.1165454897531957
MIN(previous.MEAN(cash.SK_DPD_DEF)),2.1493112216519785,3.6724863211408794
MIN(previous.MEAN(cash.SK_ID_CURR)),-23.025850929940457,-23.025850929940457
MIN(previous.MEAN(credit.AMT_BALANCE)),1.203972804355936,2.573909511665083
MIN(previous.MEAN(credit.AMT_CREDIT_LIMIT_ACTUAL)),-1.252762968145368,-0.06592359694392419
MIN(previous.MEAN(credit.AMT_DRAWINGS_ATM_CURRENT)),1.3256697393300183,2.801552150110911
MIN(previous.MEAN(credit.AMT_DRAWINGS_CURRENT)),-0.510825623599324,1.0289869108058247
MIN(previous.MEAN(credit.AMT_DRAWINGS_OTHER_CURRENT)),-1.0986122883681098,0.08760315843611875
MIN(previous.MEAN(credit.AMT_DRAWINGS_POS_CURRENT)),0.22314355139420974,1.3634383996632837
MIN(previous.MEAN(credit.AMT_INST_MIN_REGULARITY)),0.6931471806099453,2.1222970656934956
MIN(previous.MEAN(credit.AMT_PAYMENT_CURRENT)),0.22314355139420974,1.3247397956692977
MIN(previous.MEAN(credit.AMT_PAYMENT_TOTAL_CURRENT)),0.4700036293082356,1.683582481548922
MIN(previous.MEAN(credit.AMT_RECEIVABLE_PRINCIPAL)),1.2527629685239394,3.144681180295878
MIN(previous.MEAN(credit.AMT_RECIVABLE)),1.000000082690371e-10,1.6285242225575034
MIN(previous.MEAN(credit.AMT_TOTAL_RECEIVABLE)),0.40546510817483106,2.715878238293968
MIN(previous.MEAN(credit.CNT_DRAWINGS_ATM_CURRENT)),3.6054978451776023,5.6452321377851575
MIN(previous.MEAN(credit.CNT_DRAWINGS_CURRENT)),2.2335922215178083,3.7326844328029476
MIN(previous.MEAN(credit.CNT_DRAWINGS_OTHER_CURRENT)),-23.025850929940457,-23.025850929940457
MIN(previous.MEAN(credit.CNT_DRAWINGS_POS_CURRENT)),-1.791759468628055,-0.44297346503644475
MIN(previous.MEAN(credit.CNT_INSTALMENT_MATURE_CUM)),-23.025850929940457,-23.025850929940457
MIN(previous.MEAN(credit.MONTHS_BALANCE)),-23.025850929940457,-23.025850929940457
MIN(previous.MEAN(credit.SK_DPD)),-1.0986122883681098,0.10345455803369191
MIN(previous.MEAN(credit.SK_DPD_DEF)),-1.3862943607198905,-0.32485019075970023
MIN(previous.MEAN(credit.SK_ID_CURR)),-23.025850929940457,-23.025850929940457
MIN(previous.MEAN(installments.AMT_INSTALMENT)),-0.14458122869555198,0.762563010754386
MIN(previous.MEAN(installments.AMT_PAYMENT)),-0.1416505169478094,0.8401791183632779
MIN(previous.MEAN(installments.DAYS_ENTRY_PAYMENT)),-0.6931471803599453,0.3437813189822755
MIN(previous.MEAN(installments.DAYS_INSTALMENT)),-0.4499168705221801,0.5158983926559197
MIN(previous.MEAN(installments.NUM_INSTALMENT_NUMBER)),0.10008345864745884,1.1812413302120355
MIN(previous.MEAN(installments.NUM_INSTALMENT_VERSION)),-0.9007865450920359,0.22799786390473337
MIN(previous.MEAN(installments.SK_ID_CURR)),-23.025850929940457,-23.025850929940457
MIN(previous.SUM(cash.CNT_INSTALMENT)),-2.1972245764362195,-1.2428447871287205
MIN(previous.SUM(cash.CNT_INSTALMENT_FUTURE)),-1.5755363602750856,-0.7396574756295102
MIN(previous.SUM(cash.MONTHS_BALANCE)),-0.4393666596286732,0.5093571001707821
MIN(previous.SUM(cash.SK_DPD)),-1.4017985472496057,-0.3009858309423588
MIN(previous.SUM(cash.SK_DPD_DEF)),0.07410797224657899,1.1920609825029085
MIN(previous.SUM(cash.SK_ID_CURR)),-1.7578579169723736,-0.7339601016491402
MIN(previous.SUM(credit.AMT_BALANCE)),-23.025850929940457,-23.025850929940457
MIN(previous.SUM(credit.AMT_CREDIT_LIMIT_ACTUAL)),-23.025850929940457,-23.025850929940457
MIN(previous.SUM(credit.AMT_DRAWINGS_ATM_CURRENT)),-23.025850929940457,-23.025850929940457
MIN(previous.SUM(credit.AMT_DRAWINGS_CURRENT)),-23.025850929940457,-23.025850929940457
MIN(previous.SUM(credit.AMT_DRAWINGS_OTHER_CURRENT)),-23.025850929940457,-23.025850929940457
MIN(previous.SUM(credit.AMT_DRAWINGS_POS_CURRENT)),-23.025850929940457,-23.025850929940457
MIN(previous.SUM(credit.AMT_INST_MIN_REGULARITY)),-23.025850929940457,-23.025850929940457
MIN(previous.SUM(credit.AMT_PAYMENT_CURRENT)),-23.025850929940457,-23.025850929940457
MIN(previous.SUM(credit.AMT_PAYMENT_TOTAL_CURRENT)),-23.025850929940457,-23.025850929940457
MIN(previous.SUM(credit.AMT_RECEIVABLE_PRINCIPAL)),-23.025850929940457,-23.025850929940457
MIN(previous.SUM(credit.AMT_RECIVABLE)),-23.025850929940457,-23.025850929940457
MIN(previous.SUM(credit.AMT_TOTAL_RECEIVABLE)),-23.025850929940457,-23.025850929940457
MIN(previous.SUM(credit.CNT_DRAWINGS_ATM_CURRENT)),-23.025850929940457,-23.025850929940457
MIN(previous.SUM(credit.CNT_DRAWINGS_CURRENT)),-23.025850929940457,-23.025850929940457
MIN(previous.SUM(credit.CNT_DRAWINGS_OTHER_CURRENT)),-23.025850929940457,-23.025850929940457
MIN(previous.SUM(credit.CNT_DRAWINGS_POS_CURRENT)),-23.025850929940457,-23.025850929940457
MIN(previous.SUM(credit.CNT_INSTALMENT_MATURE_CUM)),-23.025850929940457,-23.025850929940457
MIN(previous.SUM(credit.MONTHS_BALANCE)),-1.0986122883681098,-0.11843868008017493
MIN(previous.SUM(credit.SK_DPD)),-23.025850929940457,-23.025850929940457
MIN(previous.SUM(credit.SK_DPD_DEF)),-23.025850929940457,-23.025850929940457
MIN(previous.SUM(credit.SK_ID_CURR)),-23.025850929940457,-23.025850929940457
MIN(previous.SUM(installments.AMT_INSTALMENT)),-1.1349799325278733,-0.23323617834177232
MIN(previous.SUM(installments.AMT_PAYMENT)),-0.6131044727017936,0.33115119870444365
MIN(previous.SUM(installments.DAYS_ENTRY_PAYMENT)),0.16251892958277495,1.0880258598836536
MIN(previous.SUM(installments.DAYS_INSTALMENT)),-0.348306694126549,0.7157489211403728
MIN(previous.SUM(installments.NUM_INSTALMENT_NUMBER)),-2.2512917976564952,-1.298412103525824
MIN(previous.SUM(installments.NUM_INSTALMENT_VERSION)),-3.124565143121959,-2.349770661569204
MIN(previous.SUM(installments.SK_ID_CURR)),-1.0678406297104468,-0.2710899414132684
MODE(previous.MODE(cash.NAME_CONTRACT_STATUS)),-23.025850929940457,-23.025850929940457
MODE(previous.MODE(credit.NAME_CONTRACT_STATUS)),-23.025850929940457,-23.025850929940457
SUM(previous.MAX(cash.CNT_INSTALMENT)),-0.1466034740760859,0.6203742997218507
SUM(previous.MAX(cash.CNT_INSTALMENT_FUTURE)),-0.3053816494154676,0.5327416953105212
SUM(previous.MAX(cash.MONTHS_BALANCE)),-0.916290731624155,0.038974836811814906
SUM(previous.MAX(cash.SK_DPD)),-0.4418327521234836,0.46597843422758123
SUM(previous.MAX(cash.SK_DPD_DEF)),0.8109302162607732,2.0905518903284825
SUM(previous.MAX(cash.SK_ID_CURR)),-0.6029960833828891,0.38717196638306073
SUM(previous.MAX(credit.AMT_BALANCE)),-1.0986122883681098,0.5625197903032852
SUM(previous.MAX(credit.AMT_CREDIT_LIMIT_ACTUAL)),-23.025850929940457,-23.025850929940457
SUM(previous.MAX(credit.AMT_DRAWINGS_ATM_CURRENT)),-0.6931471803599453,0.43543523291262304
SUM(previous.MAX(credit.AMT_DRAWINGS_CURRENT)),0.8109302162607732,1.913037030941753
SUM(previous.MAX(credit.AMT_DRAWINGS_OTHER_CURRENT)),-23.025850929940457,-23.025850929940457
SUM(previous.MAX(credit.AMT_DRAWINGS_POS_CURRENT)),-1.791759468628055,-0.2969288590241382
SUM(previous.MAX(credit.AMT_INST_MIN_REGULARITY)),-0.6931471803599453,0.36119858509602987
SUM(previous.MAX(credit.AMT_PAYMENT_CURRENT)),-1.0986122883681098,0.5264456883228854
SUM(previous.MAX(credit.AMT_PAYMENT_TOTAL_CURRENT)),-1.178654996016646,-0.13500607654846986
SUM(previous.MAX(credit.AMT_RECEIVABLE_PRINCIPAL)),-0.28768207231844756,0.8127061296276248
SUM(previous.MAX(credit.AMT_RECIVABLE)),-0.40546510795816443,0.9655433876551114
SUM(previous.MAX(credit.AMT_TOTAL_RECEIVABLE)),1.000000082690371e-10,1.7604971371102174
SUM(previous.MAX(credit.CNT_DRAWINGS_ATM_CURRENT)),1.000000082690371e-10,1.2953083400480687
SUM(previous.MAX(credit.CNT_DRAWINGS_CURRENT)),0.28768207252678085,1.300191881588416
SUM(previous.MAX(credit.CNT_DRAWINGS_OTHER_CURRENT)),-23.025850929940457,-23.025850929940457
SUM(previous.MAX(credit.CNT_DRAWINGS_POS_CURRENT)),0.40546510817483106,1.5768928266935487
SUM(previous.MAX(credit.CNT_INSTALMENT_MATURE_CUM)),-23.025850929940457,-23.025850929940457
SUM(previous.MAX(credit.MONTHS_BALANCE)),-1.6094379119341002,-0.20628373329256308
SUM(previous.MAX(credit.SK_DPD)),-23.025850929940457,-23.025850929940457
SUM(previous.MAX(credit.SK_DPD_DEF)),-23.025850929940457,-23.025850929940457
SUM(previous.MAX(credit.SK_ID_CURR)),-2.1972245764362195,-1.2676236649493429
SUM(previous.MAX(installments.AMT_INSTALMENT)),0.5363047091254661,1.4097344645699312
SUM(previous.MAX(installments.AMT_PAYMENT)),0.5533852382422866,1.3872568508571304
SUM(previous.MAX(installments.DAYS_ENTRY_PAYMENT)),-0.35667494379587533,0.5667492016995415
SUM(previous.MAX(installments.DAYS_INSTALMENT)),-0.6931471803599453,0.3679048064356436
SUM(previous.MAX(installments.NUM_INSTALMENT_NUMBER)),0.18232155687728793,1.3242741000486848
SUM(previous.MAX(installments.NUM_INSTALMENT_VERSION)),-1.2425064679817504,-0.2230903199528326
SUM(previous.MAX(installments.SK_ID_CURR)),-0.8157495024261907,0.12729677797041236
SUM(previous.MEAN(cash.CNT_INSTALMENT)),-0.5714502454053422,0.39299167774674054
SUM(previous.MEAN(cash.CNT_INSTALMENT_FUTURE)),0.6773988236425997,1.5461009268136843
SUM(previous.MEAN(cash.MONTHS_BALANCE)),-0.45953232922010684,0.5389085480088746
SUM(previous.MEAN(cash.SK_DPD)),-0.262364264337491,0.7177989216669989
SUM(previous.MEAN(cash.SK_DPD_DEF)),0.9734491457518815,2.15474716481009
SUM(previous.MEAN(cash.SK_ID_CURR)),-0.24116205668961535,0.5151185026832322
SUM(previous.MEAN(credit.AMT_BALANCE)),1.4663370688165038,3.152136355932373
SUM(previous.MEAN(credit.AMT_CREDIT_LIMIT_ACTUAL)),-23.025850929940457,-23.025850929940457
SUM(previous.MEAN(credit.AMT_DRAWINGS_ATM_CURRENT)),1.098612288701443,2.677407046144302
SUM(previous.MEAN(credit.AMT_DRAWINGS_CURRENT)),-1.178654996016646,-0.1250766457653271
SUM(previous.MEAN(credit.AMT_DRAWINGS_OTHER_CURRENT)),-23.025850929940457,-23.025850929940457
SUM(previous.MEAN(credit.AMT_DRAWINGS_POS_CURRENT)),-0.916290731624155,0.14935726856475412
SUM(previous.MEAN(credit.AMT_INST_MIN_REGULARITY)),0.3364722366926414,1.3785258220208119
SUM(previous.MEAN(credit.AMT_PAYMENT_CURRENT)),-0.28768207231844756,1.0902902427573116
SUM(previous.MEAN(credit.AMT_PAYMENT_TOTAL_CURRENT)),-0.28768207231844756,1.2335207683405762
SUM(previous.MEAN(credit.AMT_RECEIVABLE_PRINCIPAL)),0.5108256238259907,1.9691546820139638
SUM(previous.MEAN(credit.AMT_RECIVABLE)),1.2527629685239394,3.195035630865142
SUM(previous.MEAN(credit.AMT_TOTAL_RECEIVABLE)),1.000000082690371e-10,4.284860227607636
SUM(previous.MEAN(credit.CNT_DRAWINGS_ATM_CURRENT)),3.4339872044883717,5.411447100244144
SUM(previous.MEAN(credit.CNT_DRAWINGS_CURRENT)),1.203972804355936,2.998247966968447
SUM(previous.MEAN(credit.CNT_DRAWINGS_OTHER_CURRENT)),-23.025850929940457,-23.025850929940457
SUM(previous.MEAN(credit.CNT_DRAWINGS_POS_CURRENT)),-0.8109302159913288,0.3044123176585506
SUM(previous.MEAN(credit.CNT_INSTALMENT_MATURE_CUM)),-1.0986122883681098,0.1959111349205489
SUM(previous.MEAN(credit.MONTHS_BALANCE)),-1.6094379119341002,-0.8009044552608643
SUM(previous.MEAN(credit.SK_DPD)),-23.025850929940457,-23.025850929940457
SUM(previous.MEAN(credit.SK_DPD_DEF)),-23.025850929940457,-23.025850929940457
SUM(previous.MEAN(credit.SK_ID_CURR)),-23.025850929940457,-23.025850929940457
SUM(previous.MEAN(installments.AMT_INSTALMENT)),0.06453852123132117,0.9072332621732522
SUM(previous.MEAN(installments.AMT_PAYMENT)),0.06453852123132117,1.0083266732455467
SUM(previous.MEAN(installments.DAYS_ENTRY_PAYMENT)),-0.2231435511892097,0.6113559174570966
SUM(previous.MEAN(installments.DAYS_INSTALMENT)),-0.40546510795816443,0.5841265046296343
SUM(previous.MEAN(installments.NUM_INSTALMENT_NUMBER)),0.1779831552790521,1.0636181161704885
SUM(previous.MEAN(installments.NUM_INSTALMENT_VERSION)),-0.2295744415186938,0.6898790128735022
SUM(previous.MEAN(installments.SK_ID_CURR)),-1.1631508094856808,-0.18038505749235134
SUM(previous.MIN(cash.CNT_INSTALMENT)),-0.16639073460365686,0.7794939323446095
SUM(previous.MIN(cash.CNT_INSTALMENT_FUTURE)),0.3930425881771072,1.3267488493855644
SUM(previous.MIN(cash.MONTHS_BALANCE)),-0.6286086592348741,0.33360644038289045
SUM(previous.MIN(cash.SK_DPD)),-23.025850929940457,-23.025850929940457
SUM(previous.MIN(cash.SK_DPD_DEF)),-23.025850929940457,-23.025850929940457
SUM(previous.MIN(cash.SK_ID_CURR)),-1.791759468628055,-0.7021933254647983
SUM(previous.MIN(credit.AMT_BALANCE)),0.15415067991297265,2.1958915691163687
SUM(previous.MIN(credit.AMT_CREDIT_LIMIT_ACTUAL)),-0.40546510795816443,1.111196371196849
SUM(previous.MIN(credit.AMT_DRAWINGS_ATM_CURRENT)),-23.025850929940457,-23.025850929940457
SUM(previous.MIN(credit.AMT_DRAWINGS_CURRENT)),-23.025850929940457,-23.025850929940457
SUM(previous.MIN(credit.AMT_DRAWINGS_OTHER_CURRENT)),-23.025850929940457,-23.025850929940457
SUM(previous.MIN(credit.AMT_DRAWINGS_POS_CURRENT)),-23.025850929940457,-23.025850929940457
SUM(previous.MIN(credit.AMT_INST_MIN_REGULARITY)),-23.025850929940457,-23.025850929940457
SUM(previous.MIN(credit.AMT_PAYMENT_CURRENT)),-23.025850929940457,-23.025850929940457
SUM(previous.MIN(credit.AMT_PAYMENT_TOTAL_CURRENT)),-23.025850929940457,-23.025850929940457
SUM(previous.MIN(credit.AMT_RECEIVABLE_PRINCIPAL)),-23.025850929940457,-23.025850929940457
SUM(previous.MIN(credit.AMT_RECIVABLE)),-2.1972245764362195,-1.6187632567717538
SUM(previous.MIN(credit.AMT_TOTAL_RECEIVABLE)),-23.025850929940457,-23.025850929940457
SUM(previous.MIN(credit.CNT_DRAWINGS_ATM_CURRENT)),-23.025850929940457,-23.025850929940457
SUM(previous.MIN(credit.CNT_DRAWINGS_CURRENT)),-23.025850929940457,-23.025850929940457
SUM(previous.MIN(credit.CNT_DRAWINGS_OTHER_CURRENT)),-23.025850929940457,-23.025850929940457
SUM(previous.MIN(credit.CNT_DRAWINGS_POS_CURRENT)),-23.025850929940457,-23.025850929940457
SUM(previous.MIN(credit.CNT_INSTALMENT_MATURE_CUM)),-23.025850929940457,-23.025850929940457
SUM(previous.MIN(credit.MONTHS_BALANCE)),-23.025850929940457,-23.025850929940457
SUM(previous.MIN(credit.SK_DPD)),-23.025850929940457,-23.025850929940457
SUM(previous.MIN(credit.SK_DPD_DEF)),-23.025850929940457,-23.025850929940457
SUM(previous.MIN(credit.SK_ID_CURR)),1.000000082690371e-10,0.9962948285469089
SUM(previous.MIN(installments.AMT_INSTALMENT)),0.6657482064232197,1.8745930535352084
SUM(previous.MIN(installments.AMT_PAYMENT)),1.9205923410856753,3.6184498302325165
SUM(previous.MIN(installments.DAYS_ENTRY_PAYMENT)),-0.20763936465516758,0.7594514247849663
SUM(previous.MIN(installments.DAYS_INSTALMENT)),0.505935638532093,1.8452859536989987
SUM(previous.MIN(installments.NUM_INSTALMENT_NUMBER)),-2.0794415408798357,-0.18246333281956284
SUM(previous.MIN(installments.NUM_INSTALMENT_VERSION)),-1.5040773963262741,-0.7896750397703692
SUM(previous.MIN(installments.SK_ID_CURR)),-23.025850929940457,-23.025850929940457
MAX(cash.previous.AMT_ANNUITY),0.099820335372711,1.124112526884014
MAX(cash.previous.AMT_APPLICATION),0.28076162968272794,1.2681020699404286
MAX(cash.previous.AMT_CREDIT),-0.3148107397030335,0.5357716631887632
MAX(cash.previous.AMT_DOWN_PAYMENT),0.6039160468866693,1.6139256907208464
MAX(cash.previous.AMT_GOODS_PRICE),0.5753641449598118,1.5251337873585058
MAX(cash.previous.CNT_PAYMENT),-0.2231435511892097,1.0133577464812078
MAX(cash.previous.DAYS_DECISION),-0.3600027338880737,0.500067904945088
MAX(cash.previous.DAYS_FIRST_DRAWING),-23.025850929940457,-23.025850929940457
MAX(cash.previous.DAYS_FIRST_DUE),-0.5947071075654428,0.4626665558159012
MAX(cash.previous.DAYS_LAST_DUE),0.9044562742676284,1.970346812131831
MAX(cash.previous.DAYS_LAST_DUE_1ST_VERSION),1.4597968231360454,2.435483356029518
MAX(cash.previous.DAYS_TERMINATION),0.5705448585241346,1.5989142569817805
MAX(cash.previous.HOUR_APPR_PROCESS_START),0.6035350219249456,1.8659933593037052
MAX(cash.previous.NFLAG_INSURED_ON_APPROVAL),-23.025850929940457,-23.025850929940457
MAX(cash.previous.NFLAG_LAST_APPL_IN_DAY),-23.025850929940457,-23.025850929940457
MAX(cash.previous.RATE_DOWN_PAYMENT),-0.13976194226015873,0.7233755579305531
MAX(cash.previous.RATE_INTEREST_PRIMARY),-23.025850929940457,-23.025850929940457
MAX(cash.previous.RATE_INTEREST_PRIVILEGED),-23.025850929940457,-23.025850929940457
MAX(cash.previous.SELLERPLACE_AREA),-0.20909179773530354,0.6650933477745137
MEAN(cash.previous.AMT_ANNUITY),-0.6388128294071926,0.20265937180868962
MEAN(cash.previous.AMT_APPLICATION),1.000000082690371e-10,0.8766509669002317
MEAN(cash.previous.AMT_CREDIT),-0.3101549281674759,0.5164735720811716
MEAN(cash.previous.AMT_DOWN_PAYMENT),-0.4653632495299741,0.38996867718062916
MEAN(cash.previous.AMT_GOODS_PRICE),-0.14518200972887285,0.7665825552650636
MEAN(cash.previous.CNT_PAYMENT),0.3502024295035695,1.380059029937675
MEAN(cash.previous.DAYS_DECISION),0.3364722366926414,1.2534338498283193
MEAN(cash.previous.DAYS_FIRST_DRAWING),-23.025850929940457,-23.025850929940457
MEAN(cash.previous.DAYS_FIRST_DUE),-0.1906203594876497,0.7346380189345153
MEAN(cash.previous.DAYS_LAST_DUE),-0.03831886419823039,0.8642223304064962
MEAN(cash.previous.DAYS_LAST_DUE_1ST_VERSION),1.186878370997153,2.250761177954825
MEAN(cash.previous.DAYS_TERMINATION),0.2962658162175314,1.3966674266745371
MEAN(cash.previous.HOUR_APPR_PROCESS_START),0.38698029350197183,1.2397989533891545
MEAN(cash.previous.NFLAG_INSURED_ON_APPROVAL),-0.15415067971059168,0.6225301619298134
MEAN(cash.previous.NFLAG_LAST_APPL_IN_DAY),-23.025850929940457,-23.025850929940457
MEAN(cash.previous.RATE_DOWN_PAYMENT),-0.40546510795816443,0.4051740835653124
MEAN(cash.previous.RATE_INTEREST_PRIMARY),-23.025850929940457,-23.025850929940457
MEAN(cash.previous.RATE_INTEREST_PRIVILEGED),-23.025850929940457,-23.025850929940457
MEAN(cash.previous.SELLERPLACE_AREA),-0.5288441290989719,0.3169918358757665
MIN(cash.previous.AMT_ANNUITY),-0.3101549281674759,0.6249407207638269
MIN(cash.previous.AMT_APPLICATION),-0.4830233422919421,0.26435902469618905
MIN(cash.previous.AMT_CREDIT),-0.6380874031876321,0.2893753019246412
MIN(cash.previous.AMT_DOWN_PAYMENT),-1.3862943607198905,-0.6249695015396352
MIN(cash.previous.AMT_GOODS_PRICE),-0.2231435511892097,0.511444847006592
MIN(cash.previous.CNT_PAYMENT),-0.5596157877604226,0.529828910832365
MIN(cash.previous.DAYS_DECISION),-0.5465437061953425,0.6498520525697761
MIN(cash.previous.DAYS_FIRST_DRAWING),-23.025850929940457,-23.025850929940457
MIN(cash.previous.DAYS_FIRST_DUE),-0.1335313925102369,0.8005908970045994
MIN(cash.previous.DAYS_LAST_DUE),-0.35667494379587533,0.6724017325113145
MIN(cash.previous.DAYS_LAST_DUE_1ST_VERSION),-0.010810916003128654,1.1473190007946577
MIN(cash.previous.DAYS_TERMINATION),0.08701137708129637,1.0638833632214655
MIN(cash.previous.HOUR_APPR_PROCESS_START),-0.8754687371138998,0.02210962438370183
MIN(cash.previous.NFLAG_INSURED_ON_APPROVAL),-23.025850929940457,-23.025850929940457
MIN(cash.previous.NFLAG_LAST_APPL_IN_DAY),-23.025850929940457,-23.025850929940457
MIN(cash.previous.RATE_DOWN_PAYMENT),-1.091007688985163,-0.29803906492442694
MIN(cash.previous.RATE_INTEREST_PRIMARY),-23.025850929940457,-23.025850929940457
MIN(cash.previous.RATE_INTEREST_PRIVILEGED),-23.025850929940457,-23.025850929940457
MIN(cash.previous.SELLERPLACE_AREA),-0.6796638300253368,0.13668567721705424
MODE(cash.previous.CHANNEL_TYPE),-23.025850929940457,-23.025850929940457
MODE(cash.previous.CODE_REJECT_REASON),-23.025850929940457,-23.025850929940457
MODE(cash.previous.FLAG_LAST_APPL_PER_CONTRACT),-23.025850929940457,-23.025850929940457
MODE(cash.previous.NAME_CASH_LOAN_PURPOSE),-23.025850929940457,-23.025850929940457
MODE(cash.previous.NAME_CLIENT_TYPE),0.40546510817483106,2.2122039809027165
MODE(cash.previous.NAME_CONTRACT_STATUS),-23.025850929940457,-23.025850929940457
MODE(cash.previous.NAME_CONTRACT_TYPE),-0.48550781561920076,0.811636937794039
MODE(cash.previous.NAME_GOODS_CATEGORY),-4.053956495554313,-2.8340630888519622
MODE(cash.previous.NAME_PAYMENT_TYPE),-23.025850929940457,-23.025850929940457
MODE(cash.previous.NAME_PORTFOLIO),-0.6931471803599453,0.7679687573193175
MODE(cash.previous.NAME_PRODUCT_TYPE),-23.025850929940457,-23.025850929940457
MODE(cash.previous.NAME_SELLER_INDUSTRY),-23.025850929940457,-23.025850929940457
MODE(cash.previous.NAME_TYPE_SUITE),-23.025850929940457,-23.025850929940457
MODE(cash.previous.NAME_YIELD_GROUP),-1.0986122883681098,0.3516810494840409
MODE(cash.previous.PRODUCT_COMBINATION),-1.3945931635312523,-0.36997560675836066
MODE(cash.previous.WEEKDAY_APPR_PROCESS_START),-3.258096535421482,-2.552515814417559
SUM(cash.previous.AMT_ANNUITY),0.2949548318553171,1.3572846034869142
SUM(cash.previous.AMT_APPLICATION),-0.2231435511892097,0.8413471346937536
SUM(cash.previous.AMT_CREDIT),-0.10536051554671516,0.6406121989197733
SUM(cash.previous.AMT_DOWN_PAYMENT),0.15028220313538443,1.2552060623722086
SUM(cash.previous.AMT_GOODS_PRICE),1.000000082690371e-10,0.932444068570883
SUM(cash.previous.CNT_PAYMENT),-0.2113090935436775,0.5880385318389691
SUM(cash.previous.DAYS_DECISION),-0.18492233837369942,0.7402065210910366
SUM(cash.previous.DAYS_FIRST_DRAWING),-1.4170660193741442,0.150365152732774
SUM(cash.previous.DAYS_FIRST_DUE),1.000000082690371e-10,0.8792688704429377
SUM(cash.previous.DAYS_LAST_DUE),-0.965080895781087,-0.09614327095894626
SUM(cash.previous.DAYS_LAST_DUE_1ST_VERSION),1.098612288701443,2.2225163739852736
SUM(cash.previous.DAYS_TERMINATION),-0.30961714918174627,0.555094592197497
SUM(cash.previous.HOUR_APPR_PROCESS_START),0.41985384562597833,1.5460225746034564
SUM(cash.previous.NFLAG_INSURED_ON_APPROVAL),-1.864080130162681,-0.9365891685126959
SUM(cash.previous.NFLAG_LAST_APPL_IN_DAY),-0.40546510795816443,1.0593966802994603
SUM(cash.previous.RATE_DOWN_PAYMENT),-0.29391262206825036,0.7167142460298078
SUM(cash.previous.RATE_INTEREST_PRIMARY),-23.025850929940457,-23.025850929940457
SUM(cash.previous.RATE_INTEREST_PRIVILEGED),-23.025850929940457,-23.025850929940457
SUM(cash.previous.SELLERPLACE_AREA),-0.74721440161911,0.16009917957606007
MAX(installments.previous.AMT_ANNUITY),-0.20821790097438597,0.7484656047424417
MAX(installments.previous.AMT_APPLICATION),-0.11122563499845967,0.8552048462026043
MAX(installments.previous.AMT_CREDIT),0.25593337421462004,1.1918128033569317
MAX(installments.previous.AMT_DOWN_PAYMENT),1.098612288701443,2.1592731267259673
MAX(installments.previous.AMT_GOODS_PRICE),0.2682639866711499,1.3372946342830139
MAX(installments.previous.CNT_PAYMENT),0.40546510817483106,1.8438785760504923
MAX(installments.previous.DAYS_DECISION),-0.5340824857596698,0.45404259573298555
MAX(installments.previous.DAYS_FIRST_DRAWING),-23.025850929940457,-23.025850929940457
MAX(installments.previous.DAYS_FIRST_DUE),-0.44628710247216946,0.5687309884838969
MAX(installments.previous.DAYS_LAST_DUE),-2.3978952716983706,-1.5361561856029384
MAX(installments.previous.DAYS_LAST_DUE_1ST_VERSION),1.4663370688165038,2.5602602411132582
MAX(installments.previous.DAYS_TERMINATION),-0.35667494379587533,0.7997306477827175
MAX(installments.previous.HOUR_APPR_PROCESS_START),0.5389965007910202,1.6949888060475193
MAX(installments.previous.NFLAG_INSURED_ON_APPROVAL),-23.025850929940457,-23.025850929940457
MAX(installments.previous.NFLAG_LAST_APPL_IN_DAY),-23.025850929940457,-23.025850929940457
MAX(installments.previous.RATE_DOWN_PAYMENT),0.2305236586912441,1.1873204767724432
MAX(installments.previous.RATE_INTEREST_PRIMARY),-23.025850929940457,-23.025850929940457
MAX(installments.previous.RATE_INTEREST_PRIVILEGED),-23.025850929940457,-23.025850929940457
MAX(installments.previous.SELLERPLACE_AREA),-0.3364722364812129,0.45186903544748674
MEAN(installments.previous.AMT_ANNUITY),0.04546237417231297,0.8627668118190375
MEAN(installments.previous.AMT_APPLICATION),-0.6931471803599453,0.14628707703093743
MEAN(installments.previous.AMT_CREDIT),-0.40546510795816443,0.4113264384189702
MEAN(installments.previous.AMT_DOWN_PAYMENT),-0.6931471803599453,0.14009133653767794
MEAN(installments.previous.AMT_GOODS_PRICE),-0.2639655457042565,0.6310080526506143
MEAN(installments.previous.CNT_PAYMENT),0.08503704277775999,0.9373041409131222
MEAN(installments.previous.DAYS_DECISION),0.6461901975245782,2.0393476094446883
MEAN(installments.previous.DAYS_FIRST_DRAWING),-0.773189888016815,0.2578431673866911
MEAN(installments.previous.DAYS_FIRST_DUE),0.13815033856791395,1.3361207387874123
MEAN(installments.previous.DAYS_LAST_DUE),-0.03077165856362865,0.7908330037633924
MEAN(installments.previous.DAYS_LAST_DUE_1ST_VERSION),0.616186139477817,1.708069239896727
MEAN(installments.previous.DAYS_TERMINATION),-0.3981923486301716,0.44941591671166004
MEAN(installments.previous.HOUR_APPR_PROCESS_START),0.3513978869082589,1.1983855518937008
MEAN(installments.previous.NFLAG_INSURED_ON_APPROVAL),-0.6254290063180896,0.13954527077343692
MEAN(installments.previous.NFLAG_LAST_APPL_IN_DAY),-23.025850929940457,-23.025850929940457
MEAN(installments.previous.RATE_DOWN_PAYMENT),-0.8472978601538703,-0.02489204265855051
MEAN(installments.previous.RATE_INTEREST_PRIMARY),-23.025850929940457,-23.025850929940457
MEAN(installments.previous.RATE_INTEREST_PRIVILEGED),-23.025850929940457,-23.025850929940457
MEAN(installments.previous.SELLERPLACE_AREA),-0.5511769191160285,0.25606640892271354
MIN(installments.previous.AMT_ANNUITY),-0.33213383488322085,0.5093083951614839
MIN(installments.previous.AMT_APPLICATION),-0.40546510795816443,0.38988676656371424
MIN(installments.previous.AMT_CREDIT),-0.644357016200037,0.1702356953595021
MIN(installments.previous.AMT_DOWN_PAYMENT),-0.45953232922010684,0.49635706801538193
MIN(installments.previous.AMT_GOODS_PRICE),-0.5947071075654428,0.49346508130921657
MIN(installments.previous.CNT_PAYMENT),-0.3409265868299681,0.7142552800620564
MIN(installments.previous.DAYS_DECISION),-0.48550781561920076,0.7355491859776514
MIN(installments.previous.DAYS_FIRST_DRAWING),-1.0986122883681098,-0.30829389773271204
MIN(installments.previous.DAYS_FIRST_DUE),-1.6094379119341002,0.24191911650018177
MIN(installments.previous.DAYS_LAST_DUE),-0.3364722364812129,0.905444242079875
MIN(installments.previous.DAYS_LAST_DUE_1ST_VERSION),0.2682639866711499,1.3617830733539193
MIN(installments.previous.DAYS_TERMINATION),-1.6094379119341002,-0.6299319811105872
MIN(installments.previous.HOUR_APPR_PROCESS_START),-0.6592456286909305,0.08928045143553662
MIN(installments.previous.NFLAG_INSURED_ON_APPROVAL),-23.025850929940457,-23.025850929940457
MIN(installments.previous.NFLAG_LAST_APPL_IN_DAY),-23.025850929940457,-23.025850929940457
MIN(installments.previous.RATE_DOWN_PAYMENT),-0.6931471803599453,0.18345856217951176
MIN(installments.previous.RATE_INTEREST_PRIMARY),-23.025850929940457,-23.025850929940457
MIN(installments.previous.RATE_INTEREST_PRIVILEGED),-23.025850929940457,-23.025850929940457
MIN(installments.previous.SELLERPLACE_AREA),-0.9279867713844052,0.08699717126047651
MODE(installments.previous.CHANNEL_TYPE),-23.025850929940457,-23.025850929940457
MODE(installments.previous.CODE_REJECT_REASON),-23.025850929940457,-23.025850929940457
MODE(installments.previous.FLAG_LAST_APPL_PER_CONTRACT),-23.025850929940457,-23.025850929940457
MODE(installments.previous.NAME_CASH_LOAN_PURPOSE),-23.025850929940457,-23.025850929940457
MODE(installments.previous.NAME_CLIENT_TYPE),-0.6931471803599453,0.7048432430784188
MODE(installments.previous.NAME_CONTRACT_STATUS),-23.025850929940457,-23.025850929940457
MODE(installments.previous.NAME_CONTRACT_TYPE),-23.025850929940457,-23.025850929940457
MODE(installments.previous.NAME_GOODS_CATEGORY),-23.025850929940457,-23.025850929940457
MODE(installments.previous.NAME_PAYMENT_TYPE),-23.025850929940457,-23.025850929940457
MODE(installments.previous.NAME_PORTFOLIO),-23.025850929940457,-23.025850929940457
MODE(installments.previous.NAME_PRODUCT_TYPE),-23.025850929940457,-23.025850929940457
MODE(installments.previous.NAME_SELLER_INDUSTRY),-23.025850929940457,-23.025850929940457
MODE(installments.previous.NAME_TYPE_SUITE),-23.025850929940457,-23.025850929940457
MODE(installments.previous.NAME_YIELD_GROUP),-1.6094379119341002,-0.45756015580907083
MODE(installments.previous.PRODUCT_COMBINATION),-1.8205088818965407,-0.6615540731818466
MODE(installments.previous.WEEKDAY_APPR_PROCESS_START),-23.025850929940457,-23.025850929940457
SUM(installments.previous.AMT_ANNUITY),0.10821358472997639,1.1687809229915767
SUM(installments.previous.AMT_APPLICATION),-0.882389179956807,-0.032443778629998754
SUM(installments.previous.AMT_CREDIT),1.000000082690371e-10,0.9626963411634816
SUM(installments.previous.AMT_DOWN_PAYMENT),0.13353139271202258,1.040205141961392
SUM(installments.previous.AMT_GOODS_PRICE),1.000000082690371e-10,0.8781894355152562
SUM(installments.previous.CNT_PAYMENT),-0.8754687371138998,0.12866861192800788
SUM(installments.previous.DAYS_DECISION),-0.11122563499845967,0.9966343365556242
SUM(installments.previous.DAYS_FIRST_DRAWING),-0.7308875083351001,0.22472541324168327
SUM(installments.previous.DAYS_FIRST_DUE),0.18232155687728793,1.1423506790941151
SUM(installments.previous.DAYS_LAST_DUE),-0.12675170552563036,0.7993304339063717
SUM(installments.previous.DAYS_LAST_DUE_1ST_VERSION),0.25782910937937253,1.507290976695222
SUM(installments.previous.DAYS_TERMINATION),-0.4754236965542052,0.46029108591239654
SUM(installments.previous.HOUR_APPR_PROCESS_START),0.04255961451462924,0.9690556331233234
SUM(installments.previous.NFLAG_INSURED_ON_APPROVAL),-1.2720561710732285,-0.3547035521402635
SUM(installments.previous.NFLAG_LAST_APPL_IN_DAY),-1.252762968145368,-0.20931560913213773
SUM(installments.previous.RATE_DOWN_PAYMENT),-1.2656663729767303,-0.1651928700482075
SUM(installments.previous.RATE_INTEREST_PRIMARY),-23.025850929940457,-23.025850929940457
SUM(installments.previous.RATE_INTEREST_PRIVILEGED),-23.025850929940457,-23.025850929940457
SUM(installments.previous.SELLERPLACE_AREA),-0.8517522105022088,-0.09590330682681324
MAX(credit.previous.AMT_ANNUITY),-0.1335313925102369,0.6258986333798171
MAX(credit.previous.AMT_APPLICATION),-23.025850929940457,-23.025850929940457
MAX(credit.previous.AMT_CREDIT),-1.6094379119341002,-0.6863706092101428
MAX(credit.previous.AMT_DOWN_PAYMENT),-2.224623550599334,-1.458005718851826
MAX(credit.previous.AMT_GOODS_PRICE),-0.40546510795816443,0.5663791930348916
MAX(credit.previous.CNT_PAYMENT),-23.025850929940457,-23.025850929940457
MAX(credit.previous.DAYS_DECISION),-0.8938178757776519,-0.14775406645123385
MAX(credit.previous.DAYS_FIRST_DRAWING),-0.6931471803599453,0.5088916260522021
MAX(credit.previous.DAYS_FIRST_DUE),-1.252762968145368,-0.3083740413406366
MAX(credit.previous.DAYS_LAST_DUE),-1.7047480916884252,-0.6796054002719704
MAX(credit.previous.DAYS_LAST_DUE_1ST_VERSION),-23.025850929940457,-23.025850929940457
MAX(credit.previous.DAYS_TERMINATION),-2.583997551107231,-1.7853901898881603
MAX(credit.previous.HOUR_APPR_PROCESS_START),-0.5970033198253762,0.26601692738172283
MAX(credit.previous.NFLAG_INSURED_ON_APPROVAL),-23.025850929940457,-23.025850929940457
MAX(credit.previous.NFLAG_LAST_APPL_IN_DAY),-23.025850929940457,-23.025850929940457
MAX(credit.previous.RATE_DOWN_PAYMENT),-2.0794415408798357,-1.2328607126538635
MAX(credit.previous.RATE_INTEREST_PRIMARY),-23.025850929940457,-23.025850929940457
MAX(credit.previous.RATE_INTEREST_PRIVILEGED),-23.025850929940457,-23.025850929940457
MAX(credit.previous.SELLERPLACE_AREA),-0.8309308826934528,0.017738940649618222
MEAN(credit.previous.AMT_ANNUITY),-23.025850929940457,-23.025850929940457
MEAN(credit.previous.AMT_APPLICATION),-1.0986122883681098,0.07147614228302157
MEAN(credit.previous.AMT_CREDIT),-23.025850929940457,-23.025850929940457
MEAN(credit.previous.AMT_DOWN_PAYMENT),-23.025850929940457,-23.025850929940457
MEAN(credit.previous.AMT_GOODS_PRICE),-0.510825623599324,0.982831051563495
MEAN(credit.previous.CNT_PAYMENT),-23.025850929940457,-23.025850929940457
MEAN(credit.previous.DAYS_DECISION),-1.1631508094856808,-0.22481746122283866
MEAN(credit.previous.DAYS_FIRST_DRAWING),-23.025850929940457,-23.025850929940457
MEAN(credit.previous.DAYS_FIRST_DUE),-1.0986122883681098,0.6793822679834993
MEAN(credit.previous.DAYS_LAST_DUE),-23.025850929940457,-23.025850929940457
MEAN(credit.previous.DAYS_LAST_DUE_1ST_VERSION),-23.025850929940457,-23.025850929940457
MEAN(credit.previous.DAYS_TERMINATION),-2.1102131995215894,-1.3079897497374493
MEAN(credit.previous.HOUR_APPR_PROCESS_START),-0.8472978601538703,0.05907011530978926
MEAN(credit.previous.NFLAG_INSURED_ON_APPROVAL),-23.025850929940457,-23.025850929940457
MEAN(credit.previous.NFLAG_LAST_APPL_IN_DAY),-23.025850929940457,-23.025850929940457
MEAN(credit.previous.RATE_DOWN_PAYMENT),-23.025850929940457,-23.025850929940457
MEAN(credit.previous.RATE_INTEREST_PRIMARY),-23.025850929940457,-23.025850929940457
MEAN(credit.previous.RATE_INTEREST_PRIVILEGED),-23.025850929940457,-23.025850929940457
MEAN(credit.previous.SELLERPLACE_AREA),-2.70805019960221,-1.9116445062094538
MIN(credit.previous.AMT_ANNUITY),1.000000082690371e-10,1.247466769623839
MIN(credit.previous.AMT_APPLICATION),-1.3862943607198905,-0.2346284525746714
MIN(credit.previous.AMT_CREDIT),-0.40546510795816443,0.8730463577545434
MIN(credit.previous.AMT_DOWN_PAYMENT),-23.025850929940457,-23.025850929940457
MIN(credit.previous.AMT_GOODS_PRICE),-23.025850929940457,-23.025850929940457
MIN(credit.previous.CNT_PAYMENT),-23.025850929940457,-23.025850929940457
MIN(credit.previous.DAYS_DECISION),-2.4849066485880003,-0.9879105717745482
MIN(credit.previous.DAYS_FIRST_DRAWING),-1.3862943607198905,-0.5130402882808222
MIN(credit.previous.DAYS_FIRST_DUE),-23.025850929940457,-23.025850929940457
MIN(credit.previous.DAYS_LAST_DUE),-23.025850929940457,-23.025850929940457
MIN(credit.previous.DAYS_LAST_DUE_1ST_VERSION),-23.025850929940457,-23.025850929940457
MIN(credit.previous.DAYS_TERMINATION),-23.025850929940457,-23.025850929940457
MIN(credit.previous.HOUR_APPR_PROCESS_START),-2.0794415408798357,-1.2961136965475293
MIN(credit.previous.NFLAG_INSURED_ON_APPROVAL),-23.025850929940457,-23.025850929940457
MIN(credit.previous.NFLAG_LAST_APPL_IN_DAY),-23.025850929940457,-23.025850929940457
MIN(credit.previous.RATE_DOWN_PAYMENT),-23.025850929940457,-23.025850929940457
MIN(credit.previous.RATE_INTEREST_PRIMARY),-23.025850929940457,-23.025850929940457
MIN(credit.previous.RATE_INTEREST_PRIVILEGED),-23.025850929940457,-23.025850929940457
MIN(credit.previous.SELLERPLACE_AREA),-1.791759468628055,-0.9533062463515625
MODE(credit.previous.CHANNEL_TYPE),-23.025850929940457,-23.025850929940457
MODE(credit.previous.CODE_REJECT_REASON),-23.025850929940457,-23.025850929940457
MODE(credit.previous.FLAG_LAST_APPL_PER_CONTRACT),-23.025850929940457,-23.025850929940457
MODE(credit.previous.NAME_CASH_LOAN_PURPOSE),-23.025850929940457,-23.025850929940457
MODE(credit.previous.NAME_CLIENT_TYPE),-23.025850929940457,-23.025850929940457
MODE(credit.previous.NAME_CONTRACT_STATUS),-23.025850929940457,-23.025850929940457
MODE(credit.previous.NAME_CONTRACT_TYPE),-23.025850929940457,-23.025850929940457
MODE(credit.previous.NAME_GOODS_CATEGORY),-23.025850929940457,-23.025850929940457
MODE(credit.previous.NAME_PAYMENT_TYPE),-23.025850929940457,-23.025850929940457
MODE(credit.previous.NAME_PORTFOLIO),-23.025850929940457,-23.025850929940457
MODE(credit.previous.NAME_PRODUCT_TYPE),-1.0986122883681098,0.06036104853685149
MODE(credit.previous.NAME_SELLER_INDUSTRY),-23.025850929940457,-23.025850929940457
MODE(credit.previous.NAME_TYPE_SUITE),-23.025850929940457,-23.025850929940457
MODE(credit.previous.NAME_YIELD_GROUP),-23.025850929940457,-23.025850929940457
MODE(credit.previous.PRODUCT_COMBINATION),-23.025850929940457,-23.025850929940457
MODE(credit.previous.WEEKDAY_APPR_PROCESS_START),-23.025850929940457,-23.025850929940457
SUM(credit.previous.AMT_ANNUITY),-1.3862943607198905,-0.33449946800481273
SUM(credit.previous.AMT_APPLICATION),-1.029619416901158,-0.04461591272347973
SUM(credit.previous.AMT_CREDIT),-1.5260563030350494,-0.625246941826254
SUM(credit.previous.AMT_DOWN_PAYMENT),-23.025850929940457,-23.025850929940457
SUM(credit.previous.AMT_GOODS_PRICE),-1.0340737672492883,-0.22270090290594055
SUM(credit.previous.CNT_PAYMENT),-23.025850929940457,-23.025850929940457
SUM(credit.previous.DAYS_DECISION),-1.0986122883681098,-0.08512107217382049
SUM(credit.previous.DAYS_FIRST_DRAWING),-2.05838813169867,-1.0312916646429682
SUM(credit.previous.DAYS_FIRST_DUE),-2.9957322715539907,-2.255229341422419
SUM(credit.previous.DAYS_LAST_DUE),-0.723918839020449,0.1370347011584295
SUM(credit.previous.DAYS_LAST_DUE_1ST_VERSION),-23.025850929940457,-23.025850929940457
SUM(credit.previous.DAYS_TERMINATION),-1.8021222556573515,-0.5627523268677297
SUM(credit.previous.HOUR_APPR_PROCESS_START),-0.6539264672143562,0.2904290405926795
SUM(credit.previous.NFLAG_INSURED_ON_APPROVAL),-23.025850929940457,-23.025850929940457
SUM(credit.previous.NFLAG_LAST_APPL_IN_DAY),-23.025850929940457,-23.025850929940457
SUM(credit.previous.RATE_DOWN_PAYMENT),-23.025850929940457,-23.025850929940457
SUM(credit.previous.RATE_INTEREST_PRIMARY),-23.025850929940457,-23.025850929940457
SUM(credit.previous.RATE_INTEREST_PRIVILEGED),-23.025850929940457,-23.025850929940457
SUM(credit.previous.SELLERPLACE_AREA),-1.2249060136520171,-0.2675717179738861
