feature,importance_gain,importance_split,trn_score
NAME_CONTRACT_TYPE,553.8436985015869,9,0.7689881998679635
CODE_GENDER,16598.549478530884,249,0.7689881998679635
FLAG_OWN_CAR,87.92990112304688,3,0.7689881998679635
FLAG_OWN_REALTY,132.50239753723145,4,0.7689881998679635
CNT_CHILDREN,366.2965030670166,9,0.7689881998679635
AMT_INCOME_TOTAL,2484.869915008545,60,0.7689881998679635
AMT_CREDIT,6132.740236282349,140,0.7689881998679635
AMT_ANNUITY,12187.253402709961,251,0.7689881998679635
AMT_GOODS_PRICE,4834.60710144043,101,0.7689881998679635
NAME_TYPE_SUITE,0.0,0,0.7689881998679635
NAME_INCOME_TYPE,1620.2152862548828,12,0.7689881998679635
NAME_EDUCATION_TYPE,7678.209762573242,90,0.7689881998679635
NAME_FAMILY_STATUS,38.782501220703125,1,0.7689881998679635
NAME_HOUSING_TYPE,0.0,0,0.7689881998679635
REGION_POPULATION_RELATIVE,2395.153486251831,62,0.7689881998679635
DAYS_BIRTH,42722.06951522827,612,0.7689881998679635
DAYS_EMPLOYED,14473.467596054077,275,0.7689881998679635
DAYS_REGISTRATION,4786.517112731934,115,0.7689881998679635
DAYS_ID_PUBLISH,5616.628587722778,138,0.7689881998679635
OWN_CAR_AGE,3733.491687774658,84,0.7689881998679635
FLAG_MOBIL,0.0,0,0.7689881998679635
FLAG_EMP_PHONE,421.9261016845703,7,0.7689881998679635
FLAG_WORK_PHONE,444.43710136413574,11,0.7689881998679635
FLAG_CONT_MOBILE,0.0,0,0.7689881998679635
FLAG_PHONE,109.74069786071777,3,0.7689881998679635
FLAG_EMAIL,0.0,0,0.7689881998679635
OCCUPATION_TYPE,75163.28868865967,564,0.7689881998679635
CNT_FAM_MEMBERS,339.61280250549316,9,0.7689881998679635
REGION_RATING_CLIENT,5663.274906158447,77,0.7689881998679635
REGION_RATING_CLIENT_W_CITY,8523.660202026367,94,0.7689881998679635
WEEKDAY_APPR_PROCESS_START,0.0,0,0.7689881998679635
HOUR_APPR_PROCESS_START,2104.601194381714,54,0.7689881998679635
REG_REGION_NOT_LIVE_REGION,0.0,0,0.7689881998679635
REG_REGION_NOT_WORK_REGION,0.0,0,0.7689881998679635
LIVE_REGION_NOT_WORK_REGION,0.0,0,0.7689881998679635
REG_CITY_NOT_LIVE_CITY,964.8478965759277,22,0.7689881998679635
REG_CITY_NOT_WORK_CITY,257.0586986541748,7,0.7689881998679635
LIVE_CITY_NOT_WORK_CITY,57.42590141296387,2,0.7689881998679635
ORGANIZATION_TYPE,59134.75306892395,675,0.7689881998679635
EXT_SOURCE_1,248200.00713539124,2770,0.7689881998679635
EXT_SOURCE_2,1034463.4276046753,2120,0.7689881998679635
EXT_SOURCE_3,1082061.04545784,1264,0.7689881998679635
APARTMENTS_AVG,2241.6840057373047,50,0.7689881998679635
BASEMENTAREA_AVG,972.3883018493652,24,0.7689881998679635
YEARS_BEGINEXPLUATATION_AVG,1257.5368900299072,33,0.7689881998679635
YEARS_BUILD_AVG,1057.6435089111328,26,0.7689881998679635
COMMONAREA_AVG,845.5916061401367,22,0.7689881998679635
ELEVATORS_AVG,484.39550399780273,12,0.7689881998679635
ENTRANCES_AVG,1130.3582019805908,28,0.7689881998679635
FLOORSMAX_AVG,1221.289098739624,24,0.7689881998679635
FLOORSMIN_AVG,447.1937999725342,10,0.7689881998679635
LANDAREA_AVG,654.3640956878662,18,0.7689881998679635
LIVINGAPARTMENTS_AVG,901.9598979949951,24,0.7689881998679635
LIVINGAREA_AVG,2408.782808303833,54,0.7689881998679635
NONLIVINGAPARTMENTS_AVG,200.17589950561523,6,0.7689881998679635
NONLIVINGAREA_AVG,640.8317031860352,17,0.7689881998679635
APARTMENTS_MODE,1251.7599086761475,28,0.7689881998679635
BASEMENTAREA_MODE,593.5302982330322,16,0.7689881998679635
YEARS_BEGINEXPLUATATION_MODE,1461.0984897613525,33,0.7689881998679635
YEARS_BUILD_MODE,490.6649055480957,11,0.7689881998679635
COMMONAREA_MODE,225.4363021850586,6,0.7689881998679635
ELEVATORS_MODE,158.9882984161377,4,0.7689881998679635
ENTRANCES_MODE,195.40989875793457,6,0.7689881998679635
FLOORSMAX_MODE,270.43199920654297,6,0.7689881998679635
FLOORSMIN_MODE,194.48340225219727,5,0.7689881998679635
LANDAREA_MODE,396.087797164917,11,0.7689881998679635
LIVINGAPARTMENTS_MODE,387.4474048614502,11,0.7689881998679635
LIVINGAREA_MODE,1421.3017959594727,32,0.7689881998679635
NONLIVINGAPARTMENTS_MODE,0.0,0,0.7689881998679635
NONLIVINGAREA_MODE,732.5435009002686,17,0.7689881998679635
APARTMENTS_MEDI,631.9189968109131,13,0.7689881998679635
BASEMENTAREA_MEDI,393.47519302368164,8,0.7689881998679635
YEARS_BEGINEXPLUATATION_MEDI,1015.7436981201172,19,0.7689881998679635
YEARS_BUILD_MEDI,241.67970275878906,6,0.7689881998679635
COMMONAREA_MEDI,282.8859043121338,7,0.7689881998679635
ELEVATORS_MEDI,0.0,0,0.7689881998679635
ENTRANCES_MEDI,383.99209785461426,10,0.7689881998679635
FLOORSMAX_MEDI,354.5792007446289,7,0.7689881998679635
FLOORSMIN_MEDI,124.32019996643066,3,0.7689881998679635
LANDAREA_MEDI,405.1562976837158,9,0.7689881998679635
LIVINGAPARTMENTS_MEDI,406.30320930480957,11,0.7689881998679635
LIVINGAREA_MEDI,1755.3602905273438,35,0.7689881998679635
NONLIVINGAPARTMENTS_MEDI,0.0,0,0.7689881998679635
NONLIVINGAREA_MEDI,349.9032955169678,9,0.7689881998679635
FONDKAPREMONT_MODE,0.0,0,0.7689881998679635
HOUSETYPE_MODE,28.639400482177734,1,0.7689881998679635
TOTALAREA_MODE,2998.91259765625,64,0.7689881998679635
WALLSMATERIAL_MODE,0.0,0,0.7689881998679635
EMERGENCYSTATE_MODE,0.0,0,0.7689881998679635
OBS_30_CNT_SOCIAL_CIRCLE,488.5051040649414,14,0.7689881998679635
DEF_30_CNT_SOCIAL_CIRCLE,520.7076930999756,13,0.7689881998679635
OBS_60_CNT_SOCIAL_CIRCLE,279.5518970489502,8,0.7689881998679635
DEF_60_CNT_SOCIAL_CIRCLE,590.969295501709,16,0.7689881998679635
DAYS_LAST_PHONE_CHANGE,7135.929800033569,139,0.7689881998679635
FLAG_DOCUMENT_2,0.0,0,0.7689881998679635
FLAG_DOCUMENT_3,5512.5928020477295,86,0.7689881998679635
FLAG_DOCUMENT_4,0.0,0,0.7689881998679635
FLAG_DOCUMENT_5,0.0,0,0.7689881998679635
FLAG_DOCUMENT_6,28.25349998474121,1,0.7689881998679635
FLAG_DOCUMENT_7,0.0,0,0.7689881998679635
FLAG_DOCUMENT_8,115.1875991821289,3,0.7689881998679635
FLAG_DOCUMENT_9,0.0,0,0.7689881998679635
FLAG_DOCUMENT_10,0.0,0,0.7689881998679635
FLAG_DOCUMENT_11,0.0,0,0.7689881998679635
FLAG_DOCUMENT_12,0.0,0,0.7689881998679635
FLAG_DOCUMENT_13,0.0,0,0.7689881998679635
FLAG_DOCUMENT_14,0.0,0,0.7689881998679635
FLAG_DOCUMENT_15,0.0,0,0.7689881998679635
FLAG_DOCUMENT_16,0.0,0,0.7689881998679635
FLAG_DOCUMENT_17,0.0,0,0.7689881998679635
FLAG_DOCUMENT_18,0.0,0,0.7689881998679635
FLAG_DOCUMENT_19,0.0,0,0.7689881998679635
FLAG_DOCUMENT_20,0.0,0,0.7689881998679635
FLAG_DOCUMENT_21,0.0,0,0.7689881998679635
AMT_REQ_CREDIT_BUREAU_HOUR,0.0,0,0.7689881998679635
AMT_REQ_CREDIT_BUREAU_DAY,0.0,0,0.7689881998679635
AMT_REQ_CREDIT_BUREAU_WEEK,35.032100677490234,1,0.7689881998679635
AMT_REQ_CREDIT_BUREAU_MON,72.38299942016602,2,0.7689881998679635
AMT_REQ_CREDIT_BUREAU_QRT,0.0,0,0.7689881998679635
AMT_REQ_CREDIT_BUREAU_YEAR,1022.9789009094238,25,0.7689881998679635
COUNT(bureau),3845.2457962036133,77,0.7689881998679635
MAX(bureau.AMT_ANNUITY),492.5611991882324,13,0.7689881998679635
MAX(bureau.AMT_CREDIT_MAX_OVERDUE),10507.50644493103,193,0.7689881998679635
MAX(bureau.AMT_CREDIT_SUM),4501.484210968018,105,0.7689881998679635
MAX(bureau.AMT_CREDIT_SUM_DEBT),4676.274475097656,111,0.7689881998679635
MAX(bureau.AMT_CREDIT_SUM_LIMIT),1754.8544883728027,43,0.7689881998679635
MAX(bureau.AMT_CREDIT_SUM_OVERDUE),7503.186073303223,138,0.7689881998679635
MAX(bureau.CNT_CREDIT_PROLONG),89.80929946899414,2,0.7689881998679635
MAX(bureau.CREDIT_DAY_OVERDUE),552.2816925048828,13,0.7689881998679635
MAX(bureau.DAYS_CREDIT),28682.889770507812,539,0.7689881998679635
MAX(bureau.DAYS_CREDIT_ENDDATE),5271.24317741394,128,0.7689881998679635
MAX(bureau.DAYS_CREDIT_UPDATE),3864.0305919647217,95,0.7689881998679635
MAX(bureau.DAYS_ENDDATE_FACT),4810.458698272705,114,0.7689881998679635
MEAN(bureau.AMT_ANNUITY),770.8228015899658,20,0.7689881998679635
MEAN(bureau.AMT_CREDIT_MAX_OVERDUE),10127.230405807495,180,0.7689881998679635
MEAN(bureau.AMT_CREDIT_SUM),4258.169198989868,99,0.7689881998679635
MEAN(bureau.AMT_CREDIT_SUM_DEBT),10671.816381454468,237,0.7689881998679635
MEAN(bureau.AMT_CREDIT_SUM_LIMIT),1118.9709930419922,30,0.7689881998679635
MEAN(bureau.AMT_CREDIT_SUM_OVERDUE),7778.2718334198,136,0.7689881998679635
MEAN(bureau.CNT_CREDIT_PROLONG),237.54019927978516,7,0.7689881998679635
MEAN(bureau.CREDIT_DAY_OVERDUE),355.80870056152344,6,0.7689881998679635
MEAN(bureau.DAYS_CREDIT),99720.80641937256,526,0.7689881998679635
MEAN(bureau.DAYS_CREDIT_ENDDATE),10903.89859199524,190,0.7689881998679635
MEAN(bureau.DAYS_CREDIT_UPDATE),18571.38380050659,211,0.7689881998679635
MEAN(bureau.DAYS_ENDDATE_FACT),4306.631000518799,87,0.7689881998679635
MIN(bureau.AMT_ANNUITY),273.2429027557373,8,0.7689881998679635
MIN(bureau.AMT_CREDIT_MAX_OVERDUE),1690.396406173706,41,0.7689881998679635
MIN(bureau.AMT_CREDIT_SUM),3462.024492263794,87,0.7689881998679635
MIN(bureau.AMT_CREDIT_SUM_DEBT),2279.9676933288574,51,0.7689881998679635
MIN(bureau.AMT_CREDIT_SUM_LIMIT),67.7223014831543,2,0.7689881998679635
MIN(bureau.AMT_CREDIT_SUM_OVERDUE),0.0,0,0.7689881998679635
MIN(bureau.CNT_CREDIT_PROLONG),0.0,0,0.7689881998679635
MIN(bureau.CREDIT_DAY_OVERDUE),0.0,0,0.7689881998679635
MIN(bureau.DAYS_CREDIT),6662.35860824585,107,0.7689881998679635
MIN(bureau.DAYS_CREDIT_ENDDATE),4770.435188293457,106,0.7689881998679635
MIN(bureau.DAYS_CREDIT_UPDATE),3648.8034076690674,76,0.7689881998679635
MIN(bureau.DAYS_ENDDATE_FACT),3999.6650981903076,94,0.7689881998679635
MODE(bureau.CREDIT_ACTIVE),4052.33811378479,49,0.7689881998679635
MODE(bureau.CREDIT_CURRENCY),0.0,0,0.7689881998679635
MODE(bureau.CREDIT_TYPE),0.0,0,0.7689881998679635
SUM(bureau.AMT_ANNUITY),526.9685955047607,13,0.7689881998679635
SUM(bureau.AMT_CREDIT_MAX_OVERDUE),6003.061309814453,111,0.7689881998679635
SUM(bureau.AMT_CREDIT_SUM),6472.947380065918,142,0.7689881998679635
SUM(bureau.AMT_CREDIT_SUM_DEBT),6312.2239055633545,142,0.7689881998679635
SUM(bureau.AMT_CREDIT_SUM_LIMIT),614.9537925720215,15,0.7689881998679635
SUM(bureau.AMT_CREDIT_SUM_OVERDUE),4072.0026931762695,66,0.7689881998679635
SUM(bureau.CNT_CREDIT_PROLONG),0.0,0,0.7689881998679635
SUM(bureau.CREDIT_DAY_OVERDUE),244.10200309753418,5,0.7689881998679635
SUM(bureau.DAYS_CREDIT),3979.596284866333,85,0.7689881998679635
SUM(bureau.DAYS_CREDIT_ENDDATE),7901.663106918335,144,0.7689881998679635
SUM(bureau.DAYS_CREDIT_UPDATE),2576.8591136932373,57,0.7689881998679635
SUM(bureau.DAYS_ENDDATE_FACT),1785.021188735962,41,0.7689881998679635
COUNT(bureau_balance),380.7418975830078,8,0.7689881998679635
MAX(bureau_balance.MONTHS_BALANCE),24.838499069213867,1,0.7689881998679635
MEAN(bureau_balance.MONTHS_BALANCE),588.5681018829346,15,0.7689881998679635
MIN(bureau_balance.MONTHS_BALANCE),575.7568988800049,13,0.7689881998679635
MODE(bureau_balance.STATUS),0.0,0,0.7689881998679635
SUM(bureau_balance.MONTHS_BALANCE),205.13200187683105,4,0.7689881998679635
COUNT(previous),956.7928943634033,23,0.7689881998679635
MAX(previous.AMT_ANNUITY),1111.1597061157227,26,0.7689881998679635
MAX(previous.AMT_APPLICATION),1116.8045024871826,27,0.7689881998679635
MAX(previous.AMT_CREDIT),1130.9511985778809,29,0.7689881998679635
MAX(previous.AMT_DOWN_PAYMENT),4743.433406829834,104,0.7689881998679635
MAX(previous.AMT_GOODS_PRICE),305.07619857788086,8,0.7689881998679635
MAX(previous.CNT_PAYMENT),7268.811187744141,130,0.7689881998679635
MAX(previous.DAYS_DECISION),2585.669500350952,64,0.7689881998679635
MAX(previous.DAYS_FIRST_DRAWING),0.0,0,0.7689881998679635
MAX(previous.DAYS_FIRST_DUE),1480.2793159484863,35,0.7689881998679635
MAX(previous.DAYS_LAST_DUE),541.0678997039795,13,0.7689881998679635
MAX(previous.DAYS_LAST_DUE_1ST_VERSION),1109.5086059570312,27,0.7689881998679635
MAX(previous.DAYS_TERMINATION),344.5602035522461,9,0.7689881998679635
MAX(previous.HOUR_APPR_PROCESS_START),1158.1555004119873,29,0.7689881998679635
MAX(previous.NFLAG_INSURED_ON_APPROVAL),77.45740127563477,2,0.7689881998679635
MAX(previous.NFLAG_LAST_APPL_IN_DAY),0.0,0,0.7689881998679635
MAX(previous.RATE_DOWN_PAYMENT),1885.2327003479004,48,0.7689881998679635
MAX(previous.RATE_INTEREST_PRIMARY),0.0,0,0.7689881998679635
MAX(previous.RATE_INTEREST_PRIVILEGED),0.0,0,0.7689881998679635
MAX(previous.SELLERPLACE_AREA),1156.9952030181885,30,0.7689881998679635
MEAN(previous.AMT_ANNUITY),1039.8699989318848,28,0.7689881998679635
MEAN(previous.AMT_APPLICATION),1442.2477073669434,34,0.7689881998679635
MEAN(previous.AMT_CREDIT),910.3028984069824,23,0.7689881998679635
MEAN(previous.AMT_DOWN_PAYMENT),2131.38680267334,55,0.7689881998679635
MEAN(previous.AMT_GOODS_PRICE),1593.7986946105957,40,0.7689881998679635
MEAN(previous.CNT_PAYMENT),11195.58427619934,252,0.7689881998679635
MEAN(previous.DAYS_DECISION),14670.88606262207,192,0.7689881998679635
MEAN(previous.DAYS_FIRST_DRAWING),900.7227020263672,20,0.7689881998679635
MEAN(previous.DAYS_FIRST_DUE),1330.2548027038574,29,0.7689881998679635
MEAN(previous.DAYS_LAST_DUE),1527.7636966705322,35,0.7689881998679635
MEAN(previous.DAYS_LAST_DUE_1ST_VERSION),1563.2868995666504,36,0.7689881998679635
MEAN(previous.DAYS_TERMINATION),747.1982955932617,21,0.7689881998679635
MEAN(previous.HOUR_APPR_PROCESS_START),6332.890182495117,139,0.7689881998679635
MEAN(previous.NFLAG_INSURED_ON_APPROVAL),400.52899742126465,11,0.7689881998679635
MEAN(previous.NFLAG_LAST_APPL_IN_DAY),66.4202995300293,2,0.7689881998679635
MEAN(previous.RATE_DOWN_PAYMENT),1227.2810974121094,33,0.7689881998679635
MEAN(previous.RATE_INTEREST_PRIMARY),0.0,0,0.7689881998679635
MEAN(previous.RATE_INTEREST_PRIVILEGED),0.0,0,0.7689881998679635
MEAN(previous.SELLERPLACE_AREA),1729.6526012420654,46,0.7689881998679635
MIN(previous.AMT_ANNUITY),2038.9156036376953,51,0.7689881998679635
MIN(previous.AMT_APPLICATION),459.5590991973877,11,0.7689881998679635
MIN(previous.AMT_CREDIT),499.34000396728516,14,0.7689881998679635
MIN(previous.AMT_DOWN_PAYMENT),529.0770988464355,14,0.7689881998679635
MIN(previous.AMT_GOODS_PRICE),1707.709098815918,44,0.7689881998679635
MIN(previous.CNT_PAYMENT),175.51419830322266,4,0.7689881998679635
MIN(previous.DAYS_DECISION),2070.624704360962,34,0.7689881998679635
MIN(previous.DAYS_FIRST_DRAWING),33.52370071411133,1,0.7689881998679635
MIN(previous.DAYS_FIRST_DUE),2545.5002765655518,34,0.7689881998679635
MIN(previous.DAYS_LAST_DUE),682.7737007141113,16,0.7689881998679635
MIN(previous.DAYS_LAST_DUE_1ST_VERSION),1219.3246002197266,27,0.7689881998679635
MIN(previous.DAYS_TERMINATION),342.26999855041504,9,0.7689881998679635
MIN(previous.HOUR_APPR_PROCESS_START),1967.9073123931885,44,0.7689881998679635
MIN(previous.NFLAG_INSURED_ON_APPROVAL),0.0,0,0.7689881998679635
MIN(previous.NFLAG_LAST_APPL_IN_DAY),0.0,0,0.7689881998679635
MIN(previous.RATE_DOWN_PAYMENT),326.2733974456787,8,0.7689881998679635
MIN(previous.RATE_INTEREST_PRIMARY),0.0,0,0.7689881998679635
MIN(previous.RATE_INTEREST_PRIVILEGED),32.290199279785156,1,0.7689881998679635
MIN(previous.SELLERPLACE_AREA),835.2754001617432,19,0.7689881998679635
MODE(previous.CHANNEL_TYPE),0.0,0,0.7689881998679635
MODE(previous.CODE_REJECT_REASON),399.9148979187012,11,0.7689881998679635
MODE(previous.FLAG_LAST_APPL_PER_CONTRACT),0.0,0,0.7689881998679635
MODE(previous.NAME_CASH_LOAN_PURPOSE),0.0,0,0.7689881998679635
MODE(previous.NAME_CLIENT_TYPE),0.0,0,0.7689881998679635
MODE(previous.NAME_CONTRACT_STATUS),3852.5629329681396,33,0.7689881998679635
MODE(previous.NAME_CONTRACT_TYPE),0.0,0,0.7689881998679635
MODE(previous.NAME_GOODS_CATEGORY),128.33659744262695,2,0.7689881998679635
MODE(previous.NAME_PAYMENT_TYPE),0.0,0,0.7689881998679635
MODE(previous.NAME_PORTFOLIO),254.92240142822266,6,0.7689881998679635
MODE(previous.NAME_PRODUCT_TYPE),0.0,0,0.7689881998679635
MODE(previous.NAME_SELLER_INDUSTRY),0.0,0,0.7689881998679635
MODE(previous.NAME_TYPE_SUITE),0.0,0,0.7689881998679635
MODE(previous.NAME_YIELD_GROUP),36.51029968261719,1,0.7689881998679635
MODE(previous.PRODUCT_COMBINATION),230.8896999359131,6,0.7689881998679635
MODE(previous.WEEKDAY_APPR_PROCESS_START),0.0,0,0.7689881998679635
SUM(previous.AMT_ANNUITY),1154.3151931762695,26,0.7689881998679635
SUM(previous.AMT_APPLICATION),1007.4778079986572,23,0.7689881998679635
SUM(previous.AMT_CREDIT),1104.3376998901367,27,0.7689881998679635
SUM(previous.AMT_DOWN_PAYMENT),2655.6637020111084,57,0.7689881998679635
SUM(previous.AMT_GOODS_PRICE),310.898494720459,8,0.7689881998679635
SUM(previous.CNT_PAYMENT),6708.120981216431,157,0.7689881998679635
SUM(previous.DAYS_DECISION),1065.377202987671,25,0.7689881998679635
SUM(previous.DAYS_FIRST_DRAWING),1171.596393585205,21,0.7689881998679635
SUM(previous.DAYS_FIRST_DUE),1078.8410968780518,27,0.7689881998679635
SUM(previous.DAYS_LAST_DUE),1483.8650951385498,37,0.7689881998679635
SUM(previous.DAYS_LAST_DUE_1ST_VERSION),5766.268115997314,116,0.7689881998679635
SUM(previous.DAYS_TERMINATION),1007.4474983215332,27,0.7689881998679635
SUM(previous.HOUR_APPR_PROCESS_START),1617.1445865631104,42,0.7689881998679635
SUM(previous.NFLAG_INSURED_ON_APPROVAL),38.036800384521484,1,0.7689881998679635
SUM(previous.NFLAG_LAST_APPL_IN_DAY),1198.6007118225098,25,0.7689881998679635
SUM(previous.RATE_DOWN_PAYMENT),1019.8523941040039,21,0.7689881998679635
SUM(previous.RATE_INTEREST_PRIMARY),0.0,0,0.7689881998679635
SUM(previous.RATE_INTEREST_PRIVILEGED),0.0,0,0.7689881998679635
SUM(previous.SELLERPLACE_AREA),1494.8607959747314,37,0.7689881998679635
COUNT(cash),509.33889961242676,11,0.7689881998679635
MAX(cash.CNT_INSTALMENT),696.5671977996826,17,0.7689881998679635
MAX(cash.CNT_INSTALMENT_FUTURE),283.9781017303467,6,0.7689881998679635
MAX(cash.MONTHS_BALANCE),680.0947074890137,16,0.7689881998679635
MAX(cash.SK_DPD),826.9044971466064,20,0.7689881998679635
MAX(cash.SK_DPD_DEF),1653.2926063537598,40,0.7689881998679635
MAX(cash.SK_ID_CURR),1690.2309875488281,45,0.7689881998679635
MEAN(cash.CNT_INSTALMENT),2211.99520111084,51,0.7689881998679635
MEAN(cash.CNT_INSTALMENT_FUTURE),10219.880708694458,213,0.7689881998679635
MEAN(cash.MONTHS_BALANCE),1293.3512115478516,32,0.7689881998679635
MEAN(cash.SK_DPD),1411.1754932403564,36,0.7689881998679635
MEAN(cash.SK_DPD_DEF),12675.991296768188,214,0.7689881998679635
MEAN(cash.SK_ID_CURR),398.0949001312256,11,0.7689881998679635
MIN(cash.CNT_INSTALMENT),564.0192928314209,15,0.7689881998679635
MIN(cash.CNT_INSTALMENT_FUTURE),187.41209983825684,4,0.7689881998679635
MIN(cash.MONTHS_BALANCE),381.2473964691162,8,0.7689881998679635
MIN(cash.SK_DPD),0.0,0,0.7689881998679635
MIN(cash.SK_DPD_DEF),0.0,0,0.7689881998679635
MIN(cash.SK_ID_CURR),215.64809799194336,6,0.7689881998679635
MODE(cash.NAME_CONTRACT_STATUS),0.0,0,0.7689881998679635
SUM(cash.CNT_INSTALMENT),451.8140983581543,11,0.7689881998679635
SUM(cash.CNT_INSTALMENT_FUTURE),560.8079032897949,14,0.7689881998679635
SUM(cash.MONTHS_BALANCE),688.4575042724609,17,0.7689881998679635
SUM(cash.SK_DPD),648.546703338623,15,0.7689881998679635
SUM(cash.SK_DPD_DEF),2220.296298980713,46,0.7689881998679635
SUM(cash.SK_ID_CURR),1311.5785064697266,31,0.7689881998679635
COUNT(installments),531.417802810669,13,0.7689881998679635
MAX(installments.AMT_INSTALMENT),2452.6843032836914,56,0.7689881998679635
MAX(installments.AMT_PAYMENT),1699.105001449585,39,0.7689881998679635
MAX(installments.DAYS_ENTRY_PAYMENT),2003.0738945007324,52,0.7689881998679635
MAX(installments.DAYS_INSTALMENT),1135.003505706787,30,0.7689881998679635
MAX(installments.NUM_INSTALMENT_NUMBER),2847.719886779785,56,0.7689881998679635
MAX(installments.NUM_INSTALMENT_VERSION),254.40609741210938,6,0.7689881998679635
MAX(installments.SK_ID_CURR),492.0053005218506,15,0.7689881998679635
MEAN(installments.AMT_INSTALMENT),1593.840093612671,36,0.7689881998679635
MEAN(installments.AMT_PAYMENT),2480.653102874756,49,0.7689881998679635
MEAN(installments.DAYS_ENTRY_PAYMENT),1229.4028072357178,27,0.7689881998679635
MEAN(installments.DAYS_INSTALMENT),519.484296798706,12,0.7689881998679635
MEAN(installments.NUM_INSTALMENT_NUMBER),939.0742034912109,22,0.7689881998679635
MEAN(installments.NUM_INSTALMENT_VERSION),1456.5139827728271,33,0.7689881998679635
MEAN(installments.SK_ID_CURR),151.71160125732422,4,0.7689881998679635
MIN(installments.AMT_INSTALMENT),3796.0169982910156,90,0.7689881998679635
MIN(installments.AMT_PAYMENT),8941.95959854126,185,0.7689881998679635
MIN(installments.DAYS_ENTRY_PAYMENT),685.1392002105713,15,0.7689881998679635
MIN(installments.DAYS_INSTALMENT),392.2621040344238,9,0.7689881998679635
MIN(installments.NUM_INSTALMENT_NUMBER),0.0,0,0.7689881998679635
MIN(installments.NUM_INSTALMENT_VERSION),0.0,0,0.7689881998679635
MIN(installments.SK_ID_CURR),109.69859886169434,3,0.7689881998679635
SUM(installments.AMT_INSTALMENT),965.4212989807129,22,0.7689881998679635
SUM(installments.AMT_PAYMENT),1323.5927963256836,29,0.7689881998679635
SUM(installments.DAYS_ENTRY_PAYMENT),1181.707088470459,22,0.7689881998679635
SUM(installments.DAYS_INSTALMENT),1237.343397140503,24,0.7689881998679635
SUM(installments.NUM_INSTALMENT_NUMBER),407.23699951171875,10,0.7689881998679635
SUM(installments.NUM_INSTALMENT_VERSION),572.9139976501465,14,0.7689881998679635
SUM(installments.SK_ID_CURR),1539.1513919830322,33,0.7689881998679635
COUNT(credit),74.80239868164062,2,0.7689881998679635
MAX(credit.AMT_BALANCE),958.8172016143799,22,0.7689881998679635
MAX(credit.AMT_CREDIT_LIMIT_ACTUAL),294.5449028015137,8,0.7689881998679635
MAX(credit.AMT_DRAWINGS_ATM_CURRENT),943.8109073638916,23,0.7689881998679635
MAX(credit.AMT_DRAWINGS_CURRENT),656.427906036377,16,0.7689881998679635
MAX(credit.AMT_DRAWINGS_OTHER_CURRENT),0.0,0,0.7689881998679635
MAX(credit.AMT_DRAWINGS_POS_CURRENT),820.868200302124,20,0.7689881998679635
MAX(credit.AMT_INST_MIN_REGULARITY),972.497802734375,24,0.7689881998679635
MAX(credit.AMT_PAYMENT_CURRENT),4716.125303268433,98,0.7689881998679635
MAX(credit.AMT_PAYMENT_TOTAL_CURRENT),747.9610939025879,18,0.7689881998679635
MAX(credit.AMT_RECEIVABLE_PRINCIPAL),577.709300994873,15,0.7689881998679635
MAX(credit.AMT_RECIVABLE),539.0,14,0.7689881998679635
MAX(credit.AMT_TOTAL_RECEIVABLE),95.4921989440918,3,0.7689881998679635
MAX(credit.CNT_DRAWINGS_ATM_CURRENT),3299.2004013061523,68,0.7689881998679635
MAX(credit.CNT_DRAWINGS_CURRENT),4106.692983627319,80,0.7689881998679635
MAX(credit.CNT_DRAWINGS_OTHER_CURRENT),0.0,0,0.7689881998679635
MAX(credit.CNT_DRAWINGS_POS_CURRENT),1939.0267906188965,43,0.7689881998679635
MAX(credit.CNT_INSTALMENT_MATURE_CUM),142.29409790039062,3,0.7689881998679635
MAX(credit.MONTHS_BALANCE),103.09189987182617,3,0.7689881998679635
MAX(credit.SK_DPD),0.0,0,0.7689881998679635
MAX(credit.SK_DPD_DEF),34.89310073852539,1,0.7689881998679635
MAX(credit.SK_ID_CURR),1107.1825942993164,28,0.7689881998679635
MEAN(credit.AMT_BALANCE),1928.6056022644043,41,0.7689881998679635
MEAN(credit.AMT_CREDIT_LIMIT_ACTUAL),379.39420318603516,10,0.7689881998679635
MEAN(credit.AMT_DRAWINGS_ATM_CURRENT),6445.134502410889,125,0.7689881998679635
MEAN(credit.AMT_DRAWINGS_CURRENT),1285.166296005249,30,0.7689881998679635
MEAN(credit.AMT_DRAWINGS_OTHER_CURRENT),67.76579856872559,2,0.7689881998679635
MEAN(credit.AMT_DRAWINGS_POS_CURRENT),614.0942974090576,15,0.7689881998679635
MEAN(credit.AMT_INST_MIN_REGULARITY),511.52539443969727,12,0.7689881998679635
MEAN(credit.AMT_PAYMENT_CURRENT),1870.5306034088135,47,0.7689881998679635
MEAN(credit.AMT_PAYMENT_TOTAL_CURRENT),1012.2782936096191,23,0.7689881998679635
MEAN(credit.AMT_RECEIVABLE_PRINCIPAL),1048.768705368042,24,0.7689881998679635
MEAN(credit.AMT_RECIVABLE),347.7291011810303,8,0.7689881998679635
MEAN(credit.AMT_TOTAL_RECEIVABLE),308.0333023071289,7,0.7689881998679635
MEAN(credit.CNT_DRAWINGS_ATM_CURRENT),47759.00544166565,676,0.7689881998679635
MEAN(credit.CNT_DRAWINGS_CURRENT),6325.1764125823975,104,0.7689881998679635
MEAN(credit.CNT_DRAWINGS_OTHER_CURRENT),180.28400230407715,5,0.7689881998679635
MEAN(credit.CNT_DRAWINGS_POS_CURRENT),1034.9275932312012,22,0.7689881998679635
MEAN(credit.CNT_INSTALMENT_MATURE_CUM),302.8322982788086,8,0.7689881998679635
MEAN(credit.MONTHS_BALANCE),177.19210052490234,4,0.7689881998679635
MEAN(credit.SK_DPD),323.8494987487793,9,0.7689881998679635
MEAN(credit.SK_DPD_DEF),861.9844932556152,19,0.7689881998679635
MEAN(credit.SK_ID_CURR),122.31790161132812,3,0.7689881998679635
MIN(credit.AMT_BALANCE),4074.574171066284,78,0.7689881998679635
MIN(credit.AMT_CREDIT_LIMIT_ACTUAL),162.02620124816895,5,0.7689881998679635
MIN(credit.AMT_DRAWINGS_ATM_CURRENT),56.61399841308594,1,0.7689881998679635
MIN(credit.AMT_DRAWINGS_CURRENT),0.0,0,0.7689881998679635
MIN(credit.AMT_DRAWINGS_OTHER_CURRENT),0.0,0,0.7689881998679635
MIN(credit.AMT_DRAWINGS_POS_CURRENT),52.202301025390625,1,0.7689881998679635
MIN(credit.AMT_INST_MIN_REGULARITY),0.0,0,0.7689881998679635
MIN(credit.AMT_PAYMENT_CURRENT),886.7837982177734,23,0.7689881998679635
MIN(credit.AMT_PAYMENT_TOTAL_CURRENT),0.0,0,0.7689881998679635
MIN(credit.AMT_RECEIVABLE_PRINCIPAL),1306.9716968536377,24,0.7689881998679635
MIN(credit.AMT_RECIVABLE),796.1566982269287,14,0.7689881998679635
MIN(credit.AMT_TOTAL_RECEIVABLE),438.24770164489746,10,0.7689881998679635
MIN(credit.CNT_DRAWINGS_ATM_CURRENT),39.85689926147461,1,0.7689881998679635
MIN(credit.CNT_DRAWINGS_CURRENT),0.0,0,0.7689881998679635
MIN(credit.CNT_DRAWINGS_OTHER_CURRENT),0.0,0,0.7689881998679635
MIN(credit.CNT_DRAWINGS_POS_CURRENT),0.0,0,0.7689881998679635
MIN(credit.CNT_INSTALMENT_MATURE_CUM),0.0,0,0.7689881998679635
MIN(credit.MONTHS_BALANCE),0.0,0,0.7689881998679635
MIN(credit.SK_DPD),0.0,0,0.7689881998679635
MIN(credit.SK_DPD_DEF),0.0,0,0.7689881998679635
MIN(credit.SK_ID_CURR),0.0,0,0.7689881998679635
MODE(credit.NAME_CONTRACT_STATUS),0.0,0,0.7689881998679635
SUM(credit.AMT_BALANCE),159.97610092163086,3,0.7689881998679635
SUM(credit.AMT_CREDIT_LIMIT_ACTUAL),374.8086051940918,9,0.7689881998679635
SUM(credit.AMT_DRAWINGS_ATM_CURRENT),540.2162036895752,13,0.7689881998679635
SUM(credit.AMT_DRAWINGS_CURRENT),111.4503002166748,3,0.7689881998679635
SUM(credit.AMT_DRAWINGS_OTHER_CURRENT),0.0,0,0.7689881998679635
SUM(credit.AMT_DRAWINGS_POS_CURRENT),344.7345962524414,8,0.7689881998679635
SUM(credit.AMT_INST_MIN_REGULARITY),249.84959411621094,5,0.7689881998679635
SUM(credit.AMT_PAYMENT_CURRENT),370.76540184020996,10,0.7689881998679635
SUM(credit.AMT_PAYMENT_TOTAL_CURRENT),322.7113037109375,7,0.7689881998679635
SUM(credit.AMT_RECEIVABLE_PRINCIPAL),210.872802734375,5,0.7689881998679635
SUM(credit.AMT_RECIVABLE),113.83180236816406,2,0.7689881998679635
SUM(credit.AMT_TOTAL_RECEIVABLE),43.05329895019531,1,0.7689881998679635
SUM(credit.CNT_DRAWINGS_ATM_CURRENT),1182.4780139923096,25,0.7689881998679635
SUM(credit.CNT_DRAWINGS_CURRENT),987.4272041320801,23,0.7689881998679635
SUM(credit.CNT_DRAWINGS_OTHER_CURRENT),0.0,0,0.7689881998679635
SUM(credit.CNT_DRAWINGS_POS_CURRENT),644.6769065856934,13,0.7689881998679635
SUM(credit.CNT_INSTALMENT_MATURE_CUM),101.3207015991211,3,0.7689881998679635
SUM(credit.MONTHS_BALANCE),0.0,0,0.7689881998679635
SUM(credit.SK_DPD),68.69039916992188,2,0.7689881998679635
SUM(credit.SK_DPD_DEF),0.0,0,0.7689881998679635
SUM(credit.SK_ID_CURR),249.90610122680664,6,0.7689881998679635
MAX(bureau.COUNT(bureau_balance)),180.66550064086914,4,0.7689881998679635
MAX(bureau.MEAN(bureau_balance.MONTHS_BALANCE)),929.2373962402344,24,0.7689881998679635
MAX(bureau.MIN(bureau_balance.MONTHS_BALANCE)),371.53010177612305,8,0.7689881998679635
MAX(bureau.SUM(bureau_balance.MONTHS_BALANCE)),483.6030979156494,12,0.7689881998679635
MEAN(bureau.COUNT(bureau_balance)),1142.28959274292,25,0.7689881998679635
MEAN(bureau.MAX(bureau_balance.MONTHS_BALANCE)),560.2174015045166,15,0.7689881998679635
MEAN(bureau.MEAN(bureau_balance.MONTHS_BALANCE)),786.0431995391846,19,0.7689881998679635
MEAN(bureau.MIN(bureau_balance.MONTHS_BALANCE)),993.4687995910645,24,0.7689881998679635
MEAN(bureau.SUM(bureau_balance.MONTHS_BALANCE)),212.70259857177734,5,0.7689881998679635
MIN(bureau.COUNT(bureau_balance)),456.60090255737305,10,0.7689881998679635
MIN(bureau.MAX(bureau_balance.MONTHS_BALANCE)),372.5130043029785,10,0.7689881998679635
MIN(bureau.MEAN(bureau_balance.MONTHS_BALANCE)),710.0595970153809,17,0.7689881998679635
MIN(bureau.SUM(bureau_balance.MONTHS_BALANCE)),549.546703338623,13,0.7689881998679635
MODE(bureau.MODE(bureau_balance.STATUS)),0.0,0,0.7689881998679635
SUM(bureau.MAX(bureau_balance.MONTHS_BALANCE)),281.6528015136719,8,0.7689881998679635
SUM(bureau.MEAN(bureau_balance.MONTHS_BALANCE)),471.42810249328613,11,0.7689881998679635
SUM(bureau.MIN(bureau_balance.MONTHS_BALANCE)),742.4021091461182,17,0.7689881998679635
MAX(bureau_balance.bureau.AMT_ANNUITY),246.0285987854004,7,0.7689881998679635
MAX(bureau_balance.bureau.AMT_CREDIT_MAX_OVERDUE),484.48030281066895,13,0.7689881998679635
MAX(bureau_balance.bureau.AMT_CREDIT_SUM),1243.1550006866455,32,0.7689881998679635
MAX(bureau_balance.bureau.AMT_CREDIT_SUM_DEBT),1413.2998027801514,34,0.7689881998679635
MAX(bureau_balance.bureau.AMT_CREDIT_SUM_LIMIT),302.2162055969238,8,0.7689881998679635
MAX(bureau_balance.bureau.AMT_CREDIT_SUM_OVERDUE),126.59929847717285,4,0.7689881998679635
MAX(bureau_balance.bureau.CNT_CREDIT_PROLONG),0.0,0,0.7689881998679635
MAX(bureau_balance.bureau.CREDIT_DAY_OVERDUE),0.0,0,0.7689881998679635
MAX(bureau_balance.bureau.DAYS_CREDIT),3264.2029094696045,78,0.7689881998679635
MAX(bureau_balance.bureau.DAYS_CREDIT_ENDDATE),781.8317012786865,20,0.7689881998679635
MAX(bureau_balance.bureau.DAYS_CREDIT_UPDATE),880.3029022216797,22,0.7689881998679635
MAX(bureau_balance.bureau.DAYS_ENDDATE_FACT),538.7086009979248,13,0.7689881998679635
MEAN(bureau_balance.bureau.AMT_ANNUITY),763.6935997009277,20,0.7689881998679635
MEAN(bureau_balance.bureau.AMT_CREDIT_MAX_OVERDUE),632.1310997009277,15,0.7689881998679635
MEAN(bureau_balance.bureau.AMT_CREDIT_SUM),1754.5052127838135,42,0.7689881998679635
MEAN(bureau_balance.bureau.AMT_CREDIT_SUM_DEBT),1245.8228931427002,28,0.7689881998679635
MEAN(bureau_balance.bureau.AMT_CREDIT_SUM_LIMIT),129.43130111694336,3,0.7689881998679635
MEAN(bureau_balance.bureau.AMT_CREDIT_SUM_OVERDUE),283.5429039001465,8,0.7689881998679635
MEAN(bureau_balance.bureau.CNT_CREDIT_PROLONG),0.0,0,0.7689881998679635
MEAN(bureau_balance.bureau.CREDIT_DAY_OVERDUE),0.0,0,0.7689881998679635
MEAN(bureau_balance.bureau.DAYS_CREDIT),737.123498916626,17,0.7689881998679635
MEAN(bureau_balance.bureau.DAYS_CREDIT_ENDDATE),957.1157989501953,23,0.7689881998679635
MEAN(bureau_balance.bureau.DAYS_CREDIT_UPDATE),442.21399879455566,11,0.7689881998679635
MEAN(bureau_balance.bureau.DAYS_ENDDATE_FACT),480.8979034423828,13,0.7689881998679635
MIN(bureau_balance.bureau.AMT_ANNUITY),68.34700012207031,2,0.7689881998679635
MIN(bureau_balance.bureau.AMT_CREDIT_MAX_OVERDUE),299.8280029296875,7,0.7689881998679635
MIN(bureau_balance.bureau.AMT_CREDIT_SUM),1115.8976974487305,28,0.7689881998679635
MIN(bureau_balance.bureau.AMT_CREDIT_SUM_DEBT),560.2042026519775,13,0.7689881998679635
MIN(bureau_balance.bureau.AMT_CREDIT_SUM_LIMIT),37.03839874267578,1,0.7689881998679635
MIN(bureau_balance.bureau.AMT_CREDIT_SUM_OVERDUE),0.0,0,0.7689881998679635
MIN(bureau_balance.bureau.CNT_CREDIT_PROLONG),0.0,0,0.7689881998679635
MIN(bureau_balance.bureau.CREDIT_DAY_OVERDUE),0.0,0,0.7689881998679635
MIN(bureau_balance.bureau.DAYS_CREDIT),271.0599956512451,8,0.7689881998679635
MIN(bureau_balance.bureau.DAYS_CREDIT_ENDDATE),987.8877010345459,24,0.7689881998679635
MIN(bureau_balance.bureau.DAYS_CREDIT_UPDATE),1055.545503616333,23,0.7689881998679635
MIN(bureau_balance.bureau.DAYS_ENDDATE_FACT),346.75990295410156,10,0.7689881998679635
MODE(bureau_balance.bureau.CREDIT_ACTIVE),386.5622024536133,8,0.7689881998679635
MODE(bureau_balance.bureau.CREDIT_CURRENCY),0.0,0,0.7689881998679635
MODE(bureau_balance.bureau.CREDIT_TYPE),0.0,0,0.7689881998679635
SUM(bureau_balance.bureau.AMT_ANNUITY),268.6783962249756,6,0.7689881998679635
SUM(bureau_balance.bureau.AMT_CREDIT_MAX_OVERDUE),140.25320053100586,4,0.7689881998679635
SUM(bureau_balance.bureau.AMT_CREDIT_SUM),2164.8592109680176,34,0.7689881998679635
SUM(bureau_balance.bureau.AMT_CREDIT_SUM_DEBT),531.9960994720459,14,0.7689881998679635
SUM(bureau_balance.bureau.AMT_CREDIT_SUM_LIMIT),71.02090072631836,2,0.7689881998679635
SUM(bureau_balance.bureau.AMT_CREDIT_SUM_OVERDUE),0.0,0,0.7689881998679635
SUM(bureau_balance.bureau.CNT_CREDIT_PROLONG),34.917701721191406,1,0.7689881998679635
SUM(bureau_balance.bureau.CREDIT_DAY_OVERDUE),0.0,0,0.7689881998679635
SUM(bureau_balance.bureau.DAYS_CREDIT),191.45469665527344,4,0.7689881998679635
SUM(bureau_balance.bureau.DAYS_CREDIT_ENDDATE),304.18599700927734,8,0.7689881998679635
SUM(bureau_balance.bureau.DAYS_CREDIT_UPDATE),311.4644966125488,5,0.7689881998679635
SUM(bureau_balance.bureau.DAYS_ENDDATE_FACT),248.06729888916016,5,0.7689881998679635
MAX(previous.COUNT(cash)),468.0494041442871,11,0.7689881998679635
MAX(previous.COUNT(credit)),71.41300201416016,2,0.7689881998679635
MAX(previous.COUNT(installments)),411.4698028564453,10,0.7689881998679635
MAX(previous.MEAN(cash.CNT_INSTALMENT)),1463.228998184204,37,0.7689881998679635
MAX(previous.MEAN(cash.CNT_INSTALMENT_FUTURE)),6278.576019287109,141,0.7689881998679635
MAX(previous.MEAN(cash.MONTHS_BALANCE)),1244.8439865112305,30,0.7689881998679635
MAX(previous.MEAN(cash.SK_DPD)),932.4986019134521,23,0.7689881998679635
MAX(previous.MEAN(cash.SK_DPD_DEF)),4057.3513927459717,83,0.7689881998679635
MAX(previous.MEAN(cash.SK_ID_CURR)),0.0,0,0.7689881998679635
MAX(previous.MEAN(credit.AMT_BALANCE)),994.1921997070312,19,0.7689881998679635
MAX(previous.MEAN(credit.AMT_CREDIT_LIMIT_ACTUAL)),115.80569839477539,3,0.7689881998679635
MAX(previous.MEAN(credit.AMT_DRAWINGS_ATM_CURRENT)),2082.3899879455566,43,0.7689881998679635
MAX(previous.MEAN(credit.AMT_DRAWINGS_CURRENT)),388.8200988769531,9,0.7689881998679635
MAX(previous.MEAN(credit.AMT_DRAWINGS_OTHER_CURRENT)),0.0,0,0.7689881998679635
MAX(previous.MEAN(credit.AMT_DRAWINGS_POS_CURRENT)),232.7446002960205,5,0.7689881998679635
MAX(previous.MEAN(credit.AMT_INST_MIN_REGULARITY)),486.760498046875,12,0.7689881998679635
MAX(previous.MEAN(credit.AMT_PAYMENT_CURRENT)),860.0157985687256,20,0.7689881998679635
MAX(previous.MEAN(credit.AMT_PAYMENT_TOTAL_CURRENT)),496.8874969482422,12,0.7689881998679635
MAX(previous.MEAN(credit.AMT_RECEIVABLE_PRINCIPAL)),548.816801071167,13,0.7689881998679635
MAX(previous.MEAN(credit.AMT_RECIVABLE)),773.7066078186035,13,0.7689881998679635
MAX(previous.MEAN(credit.AMT_TOTAL_RECEIVABLE)),93.12310028076172,2,0.7689881998679635
MAX(previous.MEAN(credit.CNT_DRAWINGS_ATM_CURRENT)),21860.452167510986,277,0.7689881998679635
MAX(previous.MEAN(credit.CNT_DRAWINGS_CURRENT)),4181.4684772491455,61,0.7689881998679635
MAX(previous.MEAN(credit.CNT_DRAWINGS_OTHER_CURRENT)),0.0,0,0.7689881998679635
MAX(previous.MEAN(credit.CNT_DRAWINGS_POS_CURRENT)),326.8858985900879,7,0.7689881998679635
MAX(previous.MEAN(credit.CNT_INSTALMENT_MATURE_CUM)),122.49679946899414,3,0.7689881998679635
MAX(previous.MEAN(credit.MONTHS_BALANCE)),152.47870445251465,4,0.7689881998679635
MAX(previous.MEAN(credit.SK_DPD)),109.19000244140625,3,0.7689881998679635
MAX(previous.MEAN(credit.SK_DPD_DEF)),352.0756015777588,8,0.7689881998679635
MAX(previous.MEAN(credit.SK_ID_CURR)),0.0,0,0.7689881998679635
MAX(previous.MEAN(installments.AMT_INSTALMENT)),1467.5675945281982,38,0.7689881998679635
MAX(previous.MEAN(installments.AMT_PAYMENT)),3831.5434017181396,73,0.7689881998679635
MAX(previous.MEAN(installments.DAYS_ENTRY_PAYMENT)),1161.4827976226807,29,0.7689881998679635
MAX(previous.MEAN(installments.DAYS_INSTALMENT)),525.6386966705322,13,0.7689881998679635
MAX(previous.MEAN(installments.NUM_INSTALMENT_NUMBER)),779.4296054840088,19,0.7689881998679635
MAX(previous.MEAN(installments.NUM_INSTALMENT_VERSION)),1560.6691055297852,37,0.7689881998679635
MAX(previous.MEAN(installments.SK_ID_CURR)),0.0,0,0.7689881998679635
MAX(previous.MIN(cash.CNT_INSTALMENT)),532.4362964630127,12,0.7689881998679635
MAX(previous.MIN(cash.CNT_INSTALMENT_FUTURE)),1468.473201751709,38,0.7689881998679635
MAX(previous.MIN(cash.MONTHS_BALANCE)),1013.5223922729492,22,0.7689881998679635
MAX(previous.MIN(cash.SK_DPD)),0.0,0,0.7689881998679635
MAX(previous.MIN(cash.SK_DPD_DEF)),0.0,0,0.7689881998679635
MAX(previous.MIN(cash.SK_ID_CURR)),0.0,0,0.7689881998679635
MAX(previous.MIN(credit.AMT_BALANCE)),1630.5633010864258,25,0.7689881998679635
MAX(previous.MIN(credit.AMT_CREDIT_LIMIT_ACTUAL)),115.59640121459961,2,0.7689881998679635
MAX(previous.MIN(credit.AMT_DRAWINGS_ATM_CURRENT)),0.0,0,0.7689881998679635
MAX(previous.MIN(credit.AMT_DRAWINGS_CURRENT)),0.0,0,0.7689881998679635
MAX(previous.MIN(credit.AMT_DRAWINGS_OTHER_CURRENT)),0.0,0,0.7689881998679635
MAX(previous.MIN(credit.AMT_DRAWINGS_POS_CURRENT)),36.616600036621094,1,0.7689881998679635
MAX(previous.MIN(credit.AMT_INST_MIN_REGULARITY)),0.0,0,0.7689881998679635
MAX(previous.MIN(credit.AMT_PAYMENT_CURRENT)),286.42530059814453,7,0.7689881998679635
MAX(previous.MIN(credit.AMT_PAYMENT_TOTAL_CURRENT)),0.0,0,0.7689881998679635
MAX(previous.MIN(credit.AMT_RECEIVABLE_PRINCIPAL)),482.17529678344727,8,0.7689881998679635
MAX(previous.MIN(credit.AMT_RECIVABLE)),204.9529972076416,5,0.7689881998679635
MAX(previous.MIN(credit.AMT_TOTAL_RECEIVABLE)),247.18749809265137,4,0.7689881998679635
MAX(previous.MIN(credit.CNT_DRAWINGS_ATM_CURRENT)),0.0,0,0.7689881998679635
MAX(previous.MIN(credit.CNT_DRAWINGS_CURRENT)),0.0,0,0.7689881998679635
MAX(previous.MIN(credit.CNT_DRAWINGS_OTHER_CURRENT)),0.0,0,0.7689881998679635
MAX(previous.MIN(credit.CNT_DRAWINGS_POS_CURRENT)),0.0,0,0.7689881998679635
MAX(previous.MIN(credit.CNT_INSTALMENT_MATURE_CUM)),0.0,0,0.7689881998679635
MAX(previous.MIN(credit.MONTHS_BALANCE)),37.43239974975586,1,0.7689881998679635
MAX(previous.MIN(credit.SK_DPD)),0.0,0,0.7689881998679635
MAX(previous.MIN(credit.SK_DPD_DEF)),0.0,0,0.7689881998679635
MAX(previous.MIN(credit.SK_ID_CURR)),0.0,0,0.7689881998679635
MAX(previous.MIN(installments.AMT_INSTALMENT)),3512.1120262145996,67,0.7689881998679635
MAX(previous.MIN(installments.AMT_PAYMENT)),72306.16806221008,504,0.7689881998679635
MAX(previous.MIN(installments.DAYS_ENTRY_PAYMENT)),668.0780010223389,16,0.7689881998679635
MAX(previous.MIN(installments.DAYS_INSTALMENT)),680.6482028961182,15,0.7689881998679635
MAX(previous.MIN(installments.NUM_INSTALMENT_NUMBER)),0.0,0,0.7689881998679635
MAX(previous.MIN(installments.NUM_INSTALMENT_VERSION)),48.07619857788086,1,0.7689881998679635
MAX(previous.MIN(installments.SK_ID_CURR)),0.0,0,0.7689881998679635
MAX(previous.SUM(cash.CNT_INSTALMENT)),486.07219314575195,12,0.7689881998679635
MAX(previous.SUM(cash.CNT_INSTALMENT_FUTURE)),985.1242961883545,24,0.7689881998679635
MAX(previous.SUM(cash.MONTHS_BALANCE)),292.1031017303467,7,0.7689881998679635
MAX(previous.SUM(cash.SK_DPD)),286.9902000427246,7,0.7689881998679635
MAX(previous.SUM(cash.SK_DPD_DEF)),2678.306818008423,53,0.7689881998679635
MAX(previous.SUM(cash.SK_ID_CURR)),1758.3186073303223,44,0.7689881998679635
MAX(previous.SUM(credit.AMT_BALANCE)),234.47760009765625,6,0.7689881998679635
MAX(previous.SUM(credit.AMT_CREDIT_LIMIT_ACTUAL)),186.9213981628418,4,0.7689881998679635
MAX(previous.SUM(credit.AMT_DRAWINGS_ATM_CURRENT)),504.8015022277832,10,0.7689881998679635
MAX(previous.SUM(credit.AMT_DRAWINGS_CURRENT)),270.3052978515625,6,0.7689881998679635
MAX(previous.SUM(credit.AMT_DRAWINGS_OTHER_CURRENT)),0.0,0,0.7689881998679635
MAX(previous.SUM(credit.AMT_DRAWINGS_POS_CURRENT)),203.87070274353027,5,0.7689881998679635
MAX(previous.SUM(credit.AMT_INST_MIN_REGULARITY)),223.58029747009277,6,0.7689881998679635
MAX(previous.SUM(credit.AMT_PAYMENT_CURRENT)),233.99779891967773,6,0.7689881998679635
MAX(previous.SUM(credit.AMT_PAYMENT_TOTAL_CURRENT)),162.24829864501953,4,0.7689881998679635
MAX(previous.SUM(credit.AMT_RECEIVABLE_PRINCIPAL)),176.5704002380371,4,0.7689881998679635
MAX(previous.SUM(credit.AMT_RECIVABLE)),109.12619972229004,3,0.7689881998679635
MAX(previous.SUM(credit.AMT_TOTAL_RECEIVABLE)),33.020599365234375,1,0.7689881998679635
MAX(previous.SUM(credit.CNT_DRAWINGS_ATM_CURRENT)),1049.6798076629639,23,0.7689881998679635
MAX(previous.SUM(credit.CNT_DRAWINGS_CURRENT)),497.70189476013184,11,0.7689881998679635
MAX(previous.SUM(credit.CNT_DRAWINGS_OTHER_CURRENT)),0.0,0,0.7689881998679635
MAX(previous.SUM(credit.CNT_DRAWINGS_POS_CURRENT)),288.2322006225586,7,0.7689881998679635
MAX(previous.SUM(credit.CNT_INSTALMENT_MATURE_CUM)),138.3822021484375,3,0.7689881998679635
MAX(previous.SUM(credit.MONTHS_BALANCE)),0.0,0,0.7689881998679635
MAX(previous.SUM(credit.SK_DPD)),113.85999870300293,3,0.7689881998679635
MAX(previous.SUM(credit.SK_DPD_DEF)),0.0,0,0.7689881998679635
MAX(previous.SUM(credit.SK_ID_CURR)),359.1299991607666,8,0.7689881998679635
MAX(previous.SUM(installments.AMT_INSTALMENT)),1389.8873958587646,30,0.7689881998679635
MAX(previous.SUM(installments.AMT_PAYMENT)),1816.6780052185059,42,0.7689881998679635
MAX(previous.SUM(installments.DAYS_ENTRY_PAYMENT)),405.395206451416,11,0.7689881998679635
MAX(previous.SUM(installments.DAYS_INSTALMENT)),221.9827003479004,5,0.7689881998679635
MAX(previous.SUM(installments.NUM_INSTALMENT_NUMBER)),234.20309829711914,5,0.7689881998679635
MAX(previous.SUM(installments.NUM_INSTALMENT_VERSION)),527.9224090576172,15,0.7689881998679635
MAX(previous.SUM(installments.SK_ID_CURR)),1417.3490104675293,37,0.7689881998679635
MEAN(previous.COUNT(cash)),32800.01530456543,435,0.7689881998679635
MEAN(previous.COUNT(credit)),314.6407012939453,8,0.7689881998679635
MEAN(previous.COUNT(installments)),5447.679304122925,115,0.7689881998679635
MEAN(previous.MAX(cash.CNT_INSTALMENT)),4305.309406280518,98,0.7689881998679635
MEAN(previous.MAX(cash.CNT_INSTALMENT_FUTURE)),4556.094093322754,96,0.7689881998679635
MEAN(previous.MAX(cash.MONTHS_BALANCE)),613.4133071899414,15,0.7689881998679635
MEAN(previous.MAX(cash.SK_DPD)),1884.3655052185059,43,0.7689881998679635
MEAN(previous.MAX(cash.SK_DPD_DEF)),7798.653202056885,164,0.7689881998679635
MEAN(previous.MAX(cash.SK_ID_CURR)),0.0,0,0.7689881998679635
MEAN(previous.MAX(credit.AMT_BALANCE)),465.79350090026855,8,0.7689881998679635
MEAN(previous.MAX(credit.AMT_CREDIT_LIMIT_ACTUAL)),39.64540100097656,1,0.7689881998679635
MEAN(previous.MAX(credit.AMT_DRAWINGS_ATM_CURRENT)),497.17029190063477,12,0.7689881998679635
MEAN(previous.MAX(credit.AMT_DRAWINGS_CURRENT)),125.02780151367188,4,0.7689881998679635
MEAN(previous.MAX(credit.AMT_DRAWINGS_OTHER_CURRENT)),0.0,0,0.7689881998679635
MEAN(previous.MAX(credit.AMT_DRAWINGS_POS_CURRENT)),375.6844997406006,10,0.7689881998679635
MEAN(previous.MAX(credit.AMT_INST_MIN_REGULARITY)),400.44620513916016,9,0.7689881998679635
MEAN(previous.MAX(credit.AMT_PAYMENT_CURRENT)),1087.2772998809814,26,0.7689881998679635
MEAN(previous.MAX(credit.AMT_PAYMENT_TOTAL_CURRENT)),428.2734031677246,10,0.7689881998679635
MEAN(previous.MAX(credit.AMT_RECEIVABLE_PRINCIPAL)),316.02740478515625,6,0.7689881998679635
MEAN(previous.MAX(credit.AMT_RECIVABLE)),69.26789855957031,2,0.7689881998679635
MEAN(previous.MAX(credit.AMT_TOTAL_RECEIVABLE)),94.0818977355957,2,0.7689881998679635
MEAN(previous.MAX(credit.CNT_DRAWINGS_ATM_CURRENT)),1461.939796447754,28,0.7689881998679635
MEAN(previous.MAX(credit.CNT_DRAWINGS_CURRENT)),2033.749402999878,43,0.7689881998679635
MEAN(previous.MAX(credit.CNT_DRAWINGS_OTHER_CURRENT)),0.0,0,0.7689881998679635
MEAN(previous.MAX(credit.CNT_DRAWINGS_POS_CURRENT)),384.0,9,0.7689881998679635
MEAN(previous.MAX(credit.CNT_INSTALMENT_MATURE_CUM)),0.0,0,0.7689881998679635
MEAN(previous.MAX(credit.MONTHS_BALANCE)),0.0,0,0.7689881998679635
MEAN(previous.MAX(credit.SK_DPD)),50.97669982910156,1,0.7689881998679635
MEAN(previous.MAX(credit.SK_DPD_DEF)),0.0,0,0.7689881998679635
MEAN(previous.MAX(credit.SK_ID_CURR)),0.0,0,0.7689881998679635
MEAN(previous.MAX(installments.AMT_INSTALMENT)),2130.778507232666,49,0.7689881998679635
MEAN(previous.MAX(installments.AMT_PAYMENT)),1740.170488357544,40,0.7689881998679635
MEAN(previous.MAX(installments.DAYS_ENTRY_PAYMENT)),1557.4496040344238,33,0.7689881998679635
MEAN(previous.MAX(installments.DAYS_INSTALMENT)),775.600996017456,17,0.7689881998679635
MEAN(previous.MAX(installments.NUM_INSTALMENT_NUMBER)),10274.048063278198,153,0.7689881998679635
MEAN(previous.MAX(installments.NUM_INSTALMENT_VERSION)),1266.9241943359375,31,0.7689881998679635
MEAN(previous.MAX(installments.SK_ID_CURR)),0.0,0,0.7689881998679635
MEAN(previous.MEAN(cash.CNT_INSTALMENT)),3332.073986053467,77,0.7689881998679635
MEAN(previous.MEAN(cash.CNT_INSTALMENT_FUTURE)),17626.564891815186,346,0.7689881998679635
MEAN(previous.MEAN(cash.MONTHS_BALANCE)),785.3124942779541,18,0.7689881998679635
MEAN(previous.MEAN(cash.SK_DPD)),1423.7470951080322,33,0.7689881998679635
MEAN(previous.MEAN(cash.SK_DPD_DEF)),13993.552200317383,219,0.7689881998679635
MEAN(previous.MEAN(cash.SK_ID_CURR)),0.0,0,0.7689881998679635
MEAN(previous.MEAN(credit.AMT_BALANCE)),360.07689666748047,6,0.7689881998679635
MEAN(previous.MEAN(credit.AMT_CREDIT_LIMIT_ACTUAL)),33.129798889160156,1,0.7689881998679635
MEAN(previous.MEAN(credit.AMT_DRAWINGS_ATM_CURRENT)),830.8119983673096,15,0.7689881998679635
MEAN(previous.MEAN(credit.AMT_DRAWINGS_CURRENT)),321.56260681152344,5,0.7689881998679635
MEAN(previous.MEAN(credit.AMT_DRAWINGS_OTHER_CURRENT)),0.0,0,0.7689881998679635
MEAN(previous.MEAN(credit.AMT_DRAWINGS_POS_CURRENT)),115.06579971313477,3,0.7689881998679635
MEAN(previous.MEAN(credit.AMT_INST_MIN_REGULARITY)),393.9802017211914,9,0.7689881998679635
MEAN(previous.MEAN(credit.AMT_PAYMENT_CURRENT)),552.6811981201172,12,0.7689881998679635
MEAN(previous.MEAN(credit.AMT_PAYMENT_TOTAL_CURRENT)),90.78099822998047,2,0.7689881998679635
MEAN(previous.MEAN(credit.AMT_RECEIVABLE_PRINCIPAL)),459.9236946105957,9,0.7689881998679635
MEAN(previous.MEAN(credit.AMT_RECIVABLE)),234.43529891967773,4,0.7689881998679635
MEAN(previous.MEAN(credit.AMT_TOTAL_RECEIVABLE)),0.0,0,0.7689881998679635
MEAN(previous.MEAN(credit.CNT_DRAWINGS_ATM_CURRENT)),16500.72184944153,198,0.7689881998679635
MEAN(previous.MEAN(credit.CNT_DRAWINGS_CURRENT)),4205.438808441162,58,0.7689881998679635
MEAN(previous.MEAN(credit.CNT_DRAWINGS_OTHER_CURRENT)),0.0,0,0.7689881998679635
MEAN(previous.MEAN(credit.CNT_DRAWINGS_POS_CURRENT)),0.0,0,0.7689881998679635
MEAN(previous.MEAN(credit.CNT_INSTALMENT_MATURE_CUM)),68.79710006713867,2,0.7689881998679635
MEAN(previous.MEAN(credit.MONTHS_BALANCE)),0.0,0,0.7689881998679635
MEAN(previous.MEAN(credit.SK_DPD)),124.14949798583984,3,0.7689881998679635
MEAN(previous.MEAN(credit.SK_DPD_DEF)),0.0,0,0.7689881998679635
MEAN(previous.MEAN(credit.SK_ID_CURR)),0.0,0,0.7689881998679635
MEAN(previous.MEAN(installments.AMT_INSTALMENT)),1747.5626983642578,43,0.7689881998679635
MEAN(previous.MEAN(installments.AMT_PAYMENT)),1940.6418991088867,42,0.7689881998679635
MEAN(previous.MEAN(installments.DAYS_ENTRY_PAYMENT)),1185.7491989135742,26,0.7689881998679635
MEAN(previous.MEAN(installments.DAYS_INSTALMENT)),679.960506439209,16,0.7689881998679635
MEAN(previous.MEAN(installments.NUM_INSTALMENT_NUMBER)),1146.0371932983398,26,0.7689881998679635
MEAN(previous.MEAN(installments.NUM_INSTALMENT_VERSION)),1417.3006954193115,33,0.7689881998679635
MEAN(previous.MEAN(installments.SK_ID_CURR)),0.0,0,0.7689881998679635
MEAN(previous.MIN(cash.CNT_INSTALMENT)),1305.064998626709,33,0.7689881998679635
MEAN(previous.MIN(cash.CNT_INSTALMENT_FUTURE)),3697.395299911499,91,0.7689881998679635
MEAN(previous.MIN(cash.MONTHS_BALANCE)),1383.7173042297363,33,0.7689881998679635
MEAN(previous.MIN(cash.SK_DPD)),0.0,0,0.7689881998679635
MEAN(previous.MIN(cash.SK_DPD_DEF)),0.0,0,0.7689881998679635
MEAN(previous.MIN(cash.SK_ID_CURR)),0.0,0,0.7689881998679635
MEAN(previous.MIN(credit.AMT_BALANCE)),849.8644981384277,9,0.7689881998679635
MEAN(previous.MIN(credit.AMT_CREDIT_LIMIT_ACTUAL)),32.41339874267578,1,0.7689881998679635
MEAN(previous.MIN(credit.AMT_DRAWINGS_ATM_CURRENT)),0.0,0,0.7689881998679635
MEAN(previous.MIN(credit.AMT_DRAWINGS_CURRENT)),0.0,0,0.7689881998679635
MEAN(previous.MIN(credit.AMT_DRAWINGS_OTHER_CURRENT)),0.0,0,0.7689881998679635
MEAN(previous.MIN(credit.AMT_DRAWINGS_POS_CURRENT)),0.0,0,0.7689881998679635
MEAN(previous.MIN(credit.AMT_INST_MIN_REGULARITY)),0.0,0,0.7689881998679635
MEAN(previous.MIN(credit.AMT_PAYMENT_CURRENT)),153.83159637451172,4,0.7689881998679635
MEAN(previous.MIN(credit.AMT_PAYMENT_TOTAL_CURRENT)),0.0,0,0.7689881998679635
MEAN(previous.MIN(credit.AMT_RECEIVABLE_PRINCIPAL)),188.12069702148438,4,0.7689881998679635
MEAN(previous.MIN(credit.AMT_RECIVABLE)),152.62239837646484,2,0.7689881998679635
MEAN(previous.MIN(credit.AMT_TOTAL_RECEIVABLE)),54.87110137939453,1,0.7689881998679635
MEAN(previous.MIN(credit.CNT_DRAWINGS_ATM_CURRENT)),0.0,0,0.7689881998679635
MEAN(previous.MIN(credit.CNT_DRAWINGS_CURRENT)),0.0,0,0.7689881998679635
MEAN(previous.MIN(credit.CNT_DRAWINGS_OTHER_CURRENT)),0.0,0,0.7689881998679635
MEAN(previous.MIN(credit.CNT_DRAWINGS_POS_CURRENT)),0.0,0,0.7689881998679635
MEAN(previous.MIN(credit.CNT_INSTALMENT_MATURE_CUM)),0.0,0,0.7689881998679635
MEAN(previous.MIN(credit.MONTHS_BALANCE)),44.48740005493164,1,0.7689881998679635
MEAN(previous.MIN(credit.SK_DPD)),0.0,0,0.7689881998679635
MEAN(previous.MIN(credit.SK_DPD_DEF)),0.0,0,0.7689881998679635
MEAN(previous.MIN(credit.SK_ID_CURR)),0.0,0,0.7689881998679635
MEAN(previous.MIN(installments.AMT_INSTALMENT)),4796.022212982178,90,0.7689881998679635
MEAN(previous.MIN(installments.AMT_PAYMENT)),152725.28751945496,883,0.7689881998679635
MEAN(previous.MIN(installments.DAYS_ENTRY_PAYMENT)),1868.721212387085,37,0.7689881998679635
MEAN(previous.MIN(installments.DAYS_INSTALMENT)),1061.0521965026855,21,0.7689881998679635
MEAN(previous.MIN(installments.NUM_INSTALMENT_NUMBER)),0.0,0,0.7689881998679635
MEAN(previous.MIN(installments.NUM_INSTALMENT_VERSION)),209.5094985961914,5,0.7689881998679635
MEAN(previous.MIN(installments.SK_ID_CURR)),0.0,0,0.7689881998679635
MEAN(previous.SUM(cash.CNT_INSTALMENT)),1853.1541137695312,45,0.7689881998679635
MEAN(previous.SUM(cash.CNT_INSTALMENT_FUTURE)),1502.8985023498535,36,0.7689881998679635
MEAN(previous.SUM(cash.MONTHS_BALANCE)),12502.821636199951,182,0.7689881998679635
MEAN(previous.SUM(cash.SK_DPD)),639.9664039611816,15,0.7689881998679635
MEAN(previous.SUM(cash.SK_DPD_DEF)),5394.030393600464,111,0.7689881998679635
MEAN(previous.SUM(cash.SK_ID_CURR)),8310.664894104004,160,0.7689881998679635
MEAN(previous.SUM(credit.AMT_BALANCE)),284.7723960876465,6,0.7689881998679635
MEAN(previous.SUM(credit.AMT_CREDIT_LIMIT_ACTUAL)),461.80469512939453,11,0.7689881998679635
MEAN(previous.SUM(credit.AMT_DRAWINGS_ATM_CURRENT)),784.3790054321289,18,0.7689881998679635
MEAN(previous.SUM(credit.AMT_DRAWINGS_CURRENT)),796.6444034576416,19,0.7689881998679635
MEAN(previous.SUM(credit.AMT_DRAWINGS_OTHER_CURRENT)),0.0,0,0.7689881998679635
MEAN(previous.SUM(credit.AMT_DRAWINGS_POS_CURRENT)),426.0869026184082,10,0.7689881998679635
MEAN(previous.SUM(credit.AMT_INST_MIN_REGULARITY)),136.1558017730713,4,0.7689881998679635
MEAN(previous.SUM(credit.AMT_PAYMENT_CURRENT)),1349.6050987243652,26,0.7689881998679635
MEAN(previous.SUM(credit.AMT_PAYMENT_TOTAL_CURRENT)),862.5539035797119,17,0.7689881998679635
MEAN(previous.SUM(credit.AMT_RECEIVABLE_PRINCIPAL)),207.49319458007812,5,0.7689881998679635
MEAN(previous.SUM(credit.AMT_RECIVABLE)),0.0,0,0.7689881998679635
MEAN(previous.SUM(credit.AMT_TOTAL_RECEIVABLE)),0.0,0,0.7689881998679635
MEAN(previous.SUM(credit.CNT_DRAWINGS_ATM_CURRENT)),960.3558025360107,22,0.7689881998679635
MEAN(previous.SUM(credit.CNT_DRAWINGS_CURRENT)),1004.9256858825684,25,0.7689881998679635
MEAN(previous.SUM(credit.CNT_DRAWINGS_OTHER_CURRENT)),0.0,0,0.7689881998679635
MEAN(previous.SUM(credit.CNT_DRAWINGS_POS_CURRENT)),445.2005977630615,11,0.7689881998679635
MEAN(previous.SUM(credit.CNT_INSTALMENT_MATURE_CUM)),375.2094039916992,9,0.7689881998679635
MEAN(previous.SUM(credit.MONTHS_BALANCE)),327.7165985107422,8,0.7689881998679635
MEAN(previous.SUM(credit.SK_DPD)),34.455501556396484,1,0.7689881998679635
MEAN(previous.SUM(credit.SK_DPD_DEF)),183.9714012145996,4,0.7689881998679635
MEAN(previous.SUM(credit.SK_ID_CURR)),573.071403503418,14,0.7689881998679635
MEAN(previous.SUM(installments.AMT_INSTALMENT)),8211.407777786255,163,0.7689881998679635
MEAN(previous.SUM(installments.AMT_PAYMENT)),18456.409322738647,307,0.7689881998679635
MEAN(previous.SUM(installments.DAYS_ENTRY_PAYMENT)),11384.135482788086,169,0.7689881998679635
MEAN(previous.SUM(installments.DAYS_INSTALMENT)),13451.194458007812,182,0.7689881998679635
MEAN(previous.SUM(installments.NUM_INSTALMENT_NUMBER)),1673.9598007202148,40,0.7689881998679635
MEAN(previous.SUM(installments.NUM_INSTALMENT_VERSION)),14815.761211395264,239,0.7689881998679635
MEAN(previous.SUM(installments.SK_ID_CURR)),3686.7274017333984,84,0.7689881998679635
MIN(previous.COUNT(cash)),72.02270126342773,2,0.7689881998679635
MIN(previous.COUNT(credit)),0.0,0,0.7689881998679635
MIN(previous.COUNT(installments)),95.0802001953125,2,0.7689881998679635
MIN(previous.MAX(cash.CNT_INSTALMENT)),451.61480140686035,11,0.7689881998679635
MIN(previous.MAX(cash.CNT_INSTALMENT_FUTURE)),339.0536994934082,8,0.7689881998679635
MIN(previous.MAX(cash.MONTHS_BALANCE)),128.42950439453125,3,0.7689881998679635
MIN(previous.MAX(cash.SK_DPD)),3583.96720123291,60,0.7689881998679635
MIN(previous.MAX(cash.SK_DPD_DEF)),3002.5638179779053,52,0.7689881998679635
MIN(previous.MAX(cash.SK_ID_CURR)),0.0,0,0.7689881998679635
MIN(previous.MAX(credit.AMT_BALANCE)),297.1949996948242,7,0.7689881998679635
MIN(previous.MAX(credit.AMT_CREDIT_LIMIT_ACTUAL)),0.0,0,0.7689881998679635
MIN(previous.MAX(credit.AMT_DRAWINGS_ATM_CURRENT)),231.3691005706787,6,0.7689881998679635
MIN(previous.MAX(credit.AMT_DRAWINGS_CURRENT)),163.14439964294434,4,0.7689881998679635
MIN(previous.MAX(credit.AMT_DRAWINGS_OTHER_CURRENT)),0.0,0,0.7689881998679635
MIN(previous.MAX(credit.AMT_DRAWINGS_POS_CURRENT)),45.82720184326172,1,0.7689881998679635
MIN(previous.MAX(credit.AMT_INST_MIN_REGULARITY)),0.0,0,0.7689881998679635
MIN(previous.MAX(credit.AMT_PAYMENT_CURRENT)),881.9080963134766,20,0.7689881998679635
MIN(previous.MAX(credit.AMT_PAYMENT_TOTAL_CURRENT)),369.9488945007324,5,0.7689881998679635
MIN(previous.MAX(credit.AMT_RECEIVABLE_PRINCIPAL)),193.15069961547852,3,0.7689881998679635
MIN(previous.MAX(credit.AMT_RECIVABLE)),82.5973014831543,2,0.7689881998679635
MIN(previous.MAX(credit.AMT_TOTAL_RECEIVABLE)),59.573699951171875,1,0.7689881998679635
MIN(previous.MAX(credit.CNT_DRAWINGS_ATM_CURRENT)),537.2606010437012,9,0.7689881998679635
MIN(previous.MAX(credit.CNT_DRAWINGS_CURRENT)),1957.5861911773682,33,0.7689881998679635
MIN(previous.MAX(credit.CNT_DRAWINGS_OTHER_CURRENT)),0.0,0,0.7689881998679635
MIN(previous.MAX(credit.CNT_DRAWINGS_POS_CURRENT)),244.40180587768555,5,0.7689881998679635
MIN(previous.MAX(credit.CNT_INSTALMENT_MATURE_CUM)),112.10859870910645,3,0.7689881998679635
MIN(previous.MAX(credit.MONTHS_BALANCE)),0.0,0,0.7689881998679635
MIN(previous.MAX(credit.SK_DPD)),39.401100158691406,1,0.7689881998679635
MIN(previous.MAX(credit.SK_DPD_DEF)),53.47560119628906,1,0.7689881998679635
MIN(previous.MAX(credit.SK_ID_CURR)),0.0,0,0.7689881998679635
MIN(previous.MAX(installments.AMT_INSTALMENT)),2544.47739982605,62,0.7689881998679635
MIN(previous.MAX(installments.AMT_PAYMENT)),1138.74049949646,26,0.7689881998679635
MIN(previous.MAX(installments.DAYS_ENTRY_PAYMENT)),1636.3801879882812,34,0.7689881998679635
MIN(previous.MAX(installments.DAYS_INSTALMENT)),481.081995010376,11,0.7689881998679635
MIN(previous.MAX(installments.NUM_INSTALMENT_NUMBER)),7388.452318191528,102,0.7689881998679635
MIN(previous.MAX(installments.NUM_INSTALMENT_VERSION)),164.81439590454102,4,0.7689881998679635
MIN(previous.MAX(installments.SK_ID_CURR)),0.0,0,0.7689881998679635
MIN(previous.MEAN(cash.CNT_INSTALMENT)),2309.5075130462646,48,0.7689881998679635
MIN(previous.MEAN(cash.CNT_INSTALMENT_FUTURE)),7623.6450119018555,135,0.7689881998679635
MIN(previous.MEAN(cash.MONTHS_BALANCE)),619.5909042358398,14,0.7689881998679635
MIN(previous.MEAN(cash.SK_DPD)),5594.284294128418,100,0.7689881998679635
MIN(previous.MEAN(cash.SK_DPD_DEF)),10960.91501235962,163,0.7689881998679635
MIN(previous.MEAN(cash.SK_ID_CURR)),0.0,0,0.7689881998679635
MIN(previous.MEAN(credit.AMT_BALANCE)),482.2326011657715,10,0.7689881998679635
MIN(previous.MEAN(credit.AMT_CREDIT_LIMIT_ACTUAL)),96.58729934692383,2,0.7689881998679635
MIN(previous.MEAN(credit.AMT_DRAWINGS_ATM_CURRENT)),940.9090843200684,16,0.7689881998679635
MIN(previous.MEAN(credit.AMT_DRAWINGS_CURRENT)),191.13369750976562,3,0.7689881998679635
MIN(previous.MEAN(credit.AMT_DRAWINGS_OTHER_CURRENT)),40.50640106201172,1,0.7689881998679635
MIN(previous.MEAN(credit.AMT_DRAWINGS_POS_CURRENT)),198.1603012084961,5,0.7689881998679635
MIN(previous.MEAN(credit.AMT_INST_MIN_REGULARITY)),285.65550422668457,6,0.7689881998679635
MIN(previous.MEAN(credit.AMT_PAYMENT_CURRENT)),406.69309997558594,10,0.7689881998679635
MIN(previous.MEAN(credit.AMT_PAYMENT_TOTAL_CURRENT)),350.50699615478516,8,0.7689881998679635
MIN(previous.MEAN(credit.AMT_RECEIVABLE_PRINCIPAL)),430.85459899902344,7,0.7689881998679635
MIN(previous.MEAN(credit.AMT_RECIVABLE)),88.81380081176758,2,0.7689881998679635
MIN(previous.MEAN(credit.AMT_TOTAL_RECEIVABLE)),132.2863006591797,3,0.7689881998679635
MIN(previous.MEAN(credit.CNT_DRAWINGS_ATM_CURRENT)),18471.38750076294,184,0.7689881998679635
MIN(previous.MEAN(credit.CNT_DRAWINGS_CURRENT)),3429.147476196289,56,0.7689881998679635
MIN(previous.MEAN(credit.CNT_DRAWINGS_OTHER_CURRENT)),0.0,0,0.7689881998679635
MIN(previous.MEAN(credit.CNT_DRAWINGS_POS_CURRENT)),51.24100112915039,1,0.7689881998679635
MIN(previous.MEAN(credit.CNT_INSTALMENT_MATURE_CUM)),0.0,0,0.7689881998679635
MIN(previous.MEAN(credit.MONTHS_BALANCE)),0.0,0,0.7689881998679635
MIN(previous.MEAN(credit.SK_DPD)),79.96269989013672,2,0.7689881998679635
MIN(previous.MEAN(credit.SK_DPD_DEF)),38.86429977416992,1,0.7689881998679635
MIN(previous.MEAN(credit.SK_ID_CURR)),0.0,0,0.7689881998679635
MIN(previous.MEAN(installments.AMT_INSTALMENT)),1875.9814929962158,45,0.7689881998679635
MIN(previous.MEAN(installments.AMT_PAYMENT)),2046.3411121368408,46,0.7689881998679635
MIN(previous.MEAN(installments.DAYS_ENTRY_PAYMENT)),493.6257972717285,11,0.7689881998679635
MIN(previous.MEAN(installments.DAYS_INSTALMENT)),460.40200424194336,11,0.7689881998679635
MIN(previous.MEAN(installments.NUM_INSTALMENT_NUMBER)),2064.1885929107666,42,0.7689881998679635
MIN(previous.MEAN(installments.NUM_INSTALMENT_VERSION)),574.5723991394043,13,0.7689881998679635
MIN(previous.MEAN(installments.SK_ID_CURR)),0.0,0,0.7689881998679635
MIN(previous.SUM(cash.CNT_INSTALMENT)),113.26089859008789,3,0.7689881998679635
MIN(previous.SUM(cash.CNT_INSTALMENT_FUTURE)),210.83470344543457,6,0.7689881998679635
MIN(previous.SUM(cash.MONTHS_BALANCE)),1272.6193027496338,29,0.7689881998679635
MIN(previous.SUM(cash.SK_DPD)),180.18460083007812,4,0.7689881998679635
MIN(previous.SUM(cash.SK_DPD_DEF)),580.6479969024658,14,0.7689881998679635
MIN(previous.SUM(cash.SK_ID_CURR)),195.21290016174316,5,0.7689881998679635
MIN(previous.SUM(credit.AMT_BALANCE)),0.0,0,0.7689881998679635
MIN(previous.SUM(credit.AMT_CREDIT_LIMIT_ACTUAL)),0.0,0,0.7689881998679635
MIN(previous.SUM(credit.AMT_DRAWINGS_ATM_CURRENT)),0.0,0,0.7689881998679635
MIN(previous.SUM(credit.AMT_DRAWINGS_CURRENT)),0.0,0,0.7689881998679635
MIN(previous.SUM(credit.AMT_DRAWINGS_OTHER_CURRENT)),0.0,0,0.7689881998679635
MIN(previous.SUM(credit.AMT_DRAWINGS_POS_CURRENT)),0.0,0,0.7689881998679635
MIN(previous.SUM(credit.AMT_INST_MIN_REGULARITY)),0.0,0,0.7689881998679635
MIN(previous.SUM(credit.AMT_PAYMENT_CURRENT)),0.0,0,0.7689881998679635
MIN(previous.SUM(credit.AMT_PAYMENT_TOTAL_CURRENT)),0.0,0,0.7689881998679635
MIN(previous.SUM(credit.AMT_RECEIVABLE_PRINCIPAL)),0.0,0,0.7689881998679635
MIN(previous.SUM(credit.AMT_RECIVABLE)),0.0,0,0.7689881998679635
MIN(previous.SUM(credit.AMT_TOTAL_RECEIVABLE)),0.0,0,0.7689881998679635
MIN(previous.SUM(credit.CNT_DRAWINGS_ATM_CURRENT)),0.0,0,0.7689881998679635
MIN(previous.SUM(credit.CNT_DRAWINGS_CURRENT)),0.0,0,0.7689881998679635
MIN(previous.SUM(credit.CNT_DRAWINGS_OTHER_CURRENT)),0.0,0,0.7689881998679635
MIN(previous.SUM(credit.CNT_DRAWINGS_POS_CURRENT)),0.0,0,0.7689881998679635
MIN(previous.SUM(credit.CNT_INSTALMENT_MATURE_CUM)),0.0,0,0.7689881998679635
MIN(previous.SUM(credit.MONTHS_BALANCE)),34.87990188598633,1,0.7689881998679635
MIN(previous.SUM(credit.SK_DPD)),0.0,0,0.7689881998679635
MIN(previous.SUM(credit.SK_DPD_DEF)),0.0,0,0.7689881998679635
MIN(previous.SUM(credit.SK_ID_CURR)),0.0,0,0.7689881998679635
MIN(previous.SUM(installments.AMT_INSTALMENT)),339.98659896850586,9,0.7689881998679635
MIN(previous.SUM(installments.AMT_PAYMENT)),489.15799713134766,13,0.7689881998679635
MIN(previous.SUM(installments.DAYS_ENTRY_PAYMENT)),1788.4423007965088,40,0.7689881998679635
MIN(previous.SUM(installments.DAYS_INSTALMENT)),751.5462951660156,15,0.7689881998679635
MIN(previous.SUM(installments.NUM_INSTALMENT_NUMBER)),73.89339828491211,2,0.7689881998679635
MIN(previous.SUM(installments.NUM_INSTALMENT_VERSION)),32.634300231933594,1,0.7689881998679635
MIN(previous.SUM(installments.SK_ID_CURR)),394.0431938171387,11,0.7689881998679635
MODE(previous.MODE(cash.NAME_CONTRACT_STATUS)),0.0,0,0.7689881998679635
MODE(previous.MODE(credit.NAME_CONTRACT_STATUS)),0.0,0,0.7689881998679635
SUM(previous.MAX(cash.CNT_INSTALMENT)),683.4022960662842,19,0.7689881998679635
SUM(previous.MAX(cash.CNT_INSTALMENT_FUTURE)),521.0292053222656,14,0.7689881998679635
SUM(previous.MAX(cash.MONTHS_BALANCE)),363.5527038574219,8,0.7689881998679635
SUM(previous.MAX(cash.SK_DPD)),327.5118007659912,9,0.7689881998679635
SUM(previous.MAX(cash.SK_DPD_DEF)),1906.19700050354,36,0.7689881998679635
SUM(previous.MAX(cash.SK_ID_CURR)),1361.8505992889404,29,0.7689881998679635
SUM(previous.MAX(credit.AMT_BALANCE)),62.71860122680664,1,0.7689881998679635
SUM(previous.MAX(credit.AMT_CREDIT_LIMIT_ACTUAL)),0.0,0,0.7689881998679635
SUM(previous.MAX(credit.AMT_DRAWINGS_ATM_CURRENT)),75.53899955749512,2,0.7689881998679635
SUM(previous.MAX(credit.AMT_DRAWINGS_CURRENT)),396.1822967529297,9,0.7689881998679635
SUM(previous.MAX(credit.AMT_DRAWINGS_OTHER_CURRENT)),0.0,0,0.7689881998679635
SUM(previous.MAX(credit.AMT_DRAWINGS_POS_CURRENT)),63.30270004272461,1,0.7689881998679635
SUM(previous.MAX(credit.AMT_INST_MIN_REGULARITY)),74.63970184326172,2,0.7689881998679635
SUM(previous.MAX(credit.AMT_PAYMENT_CURRENT)),54.17539978027344,1,0.7689881998679635
SUM(previous.MAX(credit.AMT_PAYMENT_TOTAL_CURRENT)),39.0182991027832,1,0.7689881998679635
SUM(previous.MAX(credit.AMT_RECEIVABLE_PRINCIPAL)),95.46599960327148,3,0.7689881998679635
SUM(previous.MAX(credit.AMT_RECIVABLE)),65.79119873046875,2,0.7689881998679635
SUM(previous.MAX(credit.AMT_TOTAL_RECEIVABLE)),75.04069900512695,2,0.7689881998679635
SUM(previous.MAX(credit.CNT_DRAWINGS_ATM_CURRENT)),115.43169593811035,3,0.7689881998679635
SUM(previous.MAX(credit.CNT_DRAWINGS_CURRENT)),156.52370071411133,4,0.7689881998679635
SUM(previous.MAX(credit.CNT_DRAWINGS_OTHER_CURRENT)),0.0,0,0.7689881998679635
SUM(previous.MAX(credit.CNT_DRAWINGS_POS_CURRENT)),94.3494987487793,3,0.7689881998679635
SUM(previous.MAX(credit.CNT_INSTALMENT_MATURE_CUM)),0.0,0,0.7689881998679635
SUM(previous.MAX(credit.MONTHS_BALANCE)),46.14649963378906,1,0.7689881998679635
SUM(previous.MAX(credit.SK_DPD)),0.0,0,0.7689881998679635
SUM(previous.MAX(credit.SK_DPD_DEF)),0.0,0,0.7689881998679635
SUM(previous.MAX(credit.SK_ID_CURR)),78.33280181884766,2,0.7689881998679635
SUM(previous.MAX(installments.AMT_INSTALMENT)),2279.368013381958,53,0.7689881998679635
SUM(previous.MAX(installments.AMT_PAYMENT)),1584.4349002838135,40,0.7689881998679635
SUM(previous.MAX(installments.DAYS_ENTRY_PAYMENT)),603.7426013946533,14,0.7689881998679635
SUM(previous.MAX(installments.DAYS_INSTALMENT)),370.0855007171631,8,0.7689881998679635
SUM(previous.MAX(installments.NUM_INSTALMENT_NUMBER)),2135.2238960266113,42,0.7689881998679635
SUM(previous.MAX(installments.NUM_INSTALMENT_VERSION)),305.03169441223145,7,0.7689881998679635
SUM(previous.MAX(installments.SK_ID_CURR)),971.3123016357422,23,0.7689881998679635
SUM(previous.MEAN(cash.CNT_INSTALMENT)),515.7486915588379,12,0.7689881998679635
SUM(previous.MEAN(cash.CNT_INSTALMENT_FUTURE)),2542.2167015075684,63,0.7689881998679635
SUM(previous.MEAN(cash.MONTHS_BALANCE)),425.3958053588867,9,0.7689881998679635
SUM(previous.MEAN(cash.SK_DPD)),388.21069717407227,10,0.7689881998679635
SUM(previous.MEAN(cash.SK_DPD_DEF)),2279.9888076782227,45,0.7689881998679635
SUM(previous.MEAN(cash.SK_ID_CURR)),390.83679962158203,11,0.7689881998679635
SUM(previous.MEAN(credit.AMT_BALANCE)),703.8358936309814,13,0.7689881998679635
SUM(previous.MEAN(credit.AMT_CREDIT_LIMIT_ACTUAL)),0.0,0,0.7689881998679635
SUM(previous.MEAN(credit.AMT_DRAWINGS_ATM_CURRENT)),378.05839920043945,9,0.7689881998679635
SUM(previous.MEAN(credit.AMT_DRAWINGS_CURRENT)),38.327301025390625,1,0.7689881998679635
SUM(previous.MEAN(credit.AMT_DRAWINGS_OTHER_CURRENT)),0.0,0,0.7689881998679635
SUM(previous.MEAN(credit.AMT_DRAWINGS_POS_CURRENT)),75.48780059814453,2,0.7689881998679635
SUM(previous.MEAN(credit.AMT_INST_MIN_REGULARITY)),293.09689712524414,7,0.7689881998679635
SUM(previous.MEAN(credit.AMT_PAYMENT_CURRENT)),157.77860641479492,3,0.7689881998679635
SUM(previous.MEAN(credit.AMT_PAYMENT_TOTAL_CURRENT)),148.50390243530273,3,0.7689881998679635
SUM(previous.MEAN(credit.AMT_RECEIVABLE_PRINCIPAL)),202.85289764404297,5,0.7689881998679635
SUM(previous.MEAN(credit.AMT_RECIVABLE)),384.04369926452637,7,0.7689881998679635
SUM(previous.MEAN(credit.AMT_TOTAL_RECEIVABLE)),72.59239959716797,1,0.7689881998679635
SUM(previous.MEAN(credit.CNT_DRAWINGS_ATM_CURRENT)),10281.962057113647,124,0.7689881998679635
SUM(previous.MEAN(credit.CNT_DRAWINGS_CURRENT)),717.399995803833,10,0.7689881998679635
SUM(previous.MEAN(credit.CNT_DRAWINGS_OTHER_CURRENT)),0.0,0,0.7689881998679635
SUM(previous.MEAN(credit.CNT_DRAWINGS_POS_CURRENT)),31.72570037841797,1,0.7689881998679635
SUM(previous.MEAN(credit.CNT_INSTALMENT_MATURE_CUM)),35.18090057373047,1,0.7689881998679635
SUM(previous.MEAN(credit.MONTHS_BALANCE)),33.03049850463867,1,0.7689881998679635
SUM(previous.MEAN(credit.SK_DPD)),0.0,0,0.7689881998679635
SUM(previous.MEAN(credit.SK_DPD_DEF)),0.0,0,0.7689881998679635
SUM(previous.MEAN(credit.SK_ID_CURR)),0.0,0,0.7689881998679635
SUM(previous.MEAN(installments.AMT_INSTALMENT)),1325.8387031555176,32,0.7689881998679635
SUM(previous.MEAN(installments.AMT_PAYMENT)),1395.0109043121338,32,0.7689881998679635
SUM(previous.MEAN(installments.DAYS_ENTRY_PAYMENT)),453.9764060974121,12,0.7689881998679635
SUM(previous.MEAN(installments.DAYS_INSTALMENT)),344.75079917907715,8,0.7689881998679635
SUM(previous.MEAN(installments.NUM_INSTALMENT_NUMBER)),932.5820045471191,23,0.7689881998679635
SUM(previous.MEAN(installments.NUM_INSTALMENT_VERSION)),1309.4037952423096,31,0.7689881998679635
SUM(previous.MEAN(installments.SK_ID_CURR)),218.56159782409668,5,0.7689881998679635
SUM(previous.MIN(cash.CNT_INSTALMENT)),1270.283498764038,29,0.7689881998679635
SUM(previous.MIN(cash.CNT_INSTALMENT_FUTURE)),1581.0456008911133,40,0.7689881998679635
SUM(previous.MIN(cash.MONTHS_BALANCE)),365.49349784851074,8,0.7689881998679635
SUM(previous.MIN(cash.SK_DPD)),0.0,0,0.7689881998679635
SUM(previous.MIN(cash.SK_DPD_DEF)),0.0,0,0.7689881998679635
SUM(previous.MIN(cash.SK_ID_CURR)),40.31990051269531,1,0.7689881998679635
SUM(previous.MIN(credit.AMT_BALANCE)),661.0371990203857,7,0.7689881998679635
SUM(previous.MIN(credit.AMT_CREDIT_LIMIT_ACTUAL)),97.5353012084961,2,0.7689881998679635
SUM(previous.MIN(credit.AMT_DRAWINGS_ATM_CURRENT)),0.0,0,0.7689881998679635
SUM(previous.MIN(credit.AMT_DRAWINGS_CURRENT)),0.0,0,0.7689881998679635
SUM(previous.MIN(credit.AMT_DRAWINGS_OTHER_CURRENT)),0.0,0,0.7689881998679635
SUM(previous.MIN(credit.AMT_DRAWINGS_POS_CURRENT)),0.0,0,0.7689881998679635
SUM(previous.MIN(credit.AMT_INST_MIN_REGULARITY)),0.0,0,0.7689881998679635
SUM(previous.MIN(credit.AMT_PAYMENT_CURRENT)),0.0,0,0.7689881998679635
SUM(previous.MIN(credit.AMT_PAYMENT_TOTAL_CURRENT)),0.0,0,0.7689881998679635
SUM(previous.MIN(credit.AMT_RECEIVABLE_PRINCIPAL)),0.0,0,0.7689881998679635
SUM(previous.MIN(credit.AMT_RECIVABLE)),24.82040023803711,1,0.7689881998679635
SUM(previous.MIN(credit.AMT_TOTAL_RECEIVABLE)),0.0,0,0.7689881998679635
SUM(previous.MIN(credit.CNT_DRAWINGS_ATM_CURRENT)),0.0,0,0.7689881998679635
SUM(previous.MIN(credit.CNT_DRAWINGS_CURRENT)),0.0,0,0.7689881998679635
SUM(previous.MIN(credit.CNT_DRAWINGS_OTHER_CURRENT)),0.0,0,0.7689881998679635
SUM(previous.MIN(credit.CNT_DRAWINGS_POS_CURRENT)),0.0,0,0.7689881998679635
SUM(previous.MIN(credit.CNT_INSTALMENT_MATURE_CUM)),0.0,0,0.7689881998679635
SUM(previous.MIN(credit.MONTHS_BALANCE)),0.0,0,0.7689881998679635
SUM(previous.MIN(credit.SK_DPD)),0.0,0,0.7689881998679635
SUM(previous.MIN(credit.SK_DPD_DEF)),0.0,0,0.7689881998679635
SUM(previous.MIN(credit.SK_ID_CURR)),62.33859825134277,2,0.7689881998679635
SUM(previous.MIN(installments.AMT_INSTALMENT)),4288.845603942871,72,0.7689881998679635
SUM(previous.MIN(installments.AMT_PAYMENT)),26532.27725982666,273,0.7689881998679635
SUM(previous.MIN(installments.DAYS_ENTRY_PAYMENT)),584.1704025268555,13,0.7689881998679635
SUM(previous.MIN(installments.DAYS_INSTALMENT)),1073.3185920715332,17,0.7689881998679635
SUM(previous.MIN(installments.NUM_INSTALMENT_NUMBER)),102.125,1,0.7689881998679635
SUM(previous.MIN(installments.NUM_INSTALMENT_VERSION)),60.97279930114746,2,0.7689881998679635
SUM(previous.MIN(installments.SK_ID_CURR)),0.0,0,0.7689881998679635
MAX(cash.previous.AMT_ANNUITY),2348.3537998199463,50,0.7689881998679635
MAX(cash.previous.AMT_APPLICATION),2201.6466941833496,48,0.7689881998679635
MAX(cash.previous.AMT_CREDIT),1004.2718906402588,25,0.7689881998679635
MAX(cash.previous.AMT_DOWN_PAYMENT),3524.9992275238037,75,0.7689881998679635
MAX(cash.previous.AMT_GOODS_PRICE),715.4063091278076,16,0.7689881998679635
MAX(cash.previous.CNT_PAYMENT),166.79619979858398,4,0.7689881998679635
MAX(cash.previous.DAYS_DECISION),1185.8884963989258,30,0.7689881998679635
MAX(cash.previous.DAYS_FIRST_DRAWING),0.0,0,0.7689881998679635
MAX(cash.previous.DAYS_FIRST_DUE),726.9416007995605,16,0.7689881998679635
MAX(cash.previous.DAYS_LAST_DUE),1998.4242916107178,42,0.7689881998679635
MAX(cash.previous.DAYS_LAST_DUE_1ST_VERSION),11645.337705612183,254,0.7689881998679635
MAX(cash.previous.DAYS_TERMINATION),1037.7720069885254,23,0.7689881998679635
MAX(cash.previous.HOUR_APPR_PROCESS_START),3689.1219902038574,64,0.7689881998679635
MAX(cash.previous.NFLAG_INSURED_ON_APPROVAL),0.0,0,0.7689881998679635
MAX(cash.previous.NFLAG_LAST_APPL_IN_DAY),0.0,0,0.7689881998679635
MAX(cash.previous.RATE_DOWN_PAYMENT),1656.711992263794,40,0.7689881998679635
MAX(cash.previous.RATE_INTEREST_PRIMARY),0.0,0,0.7689881998679635
MAX(cash.previous.RATE_INTEREST_PRIVILEGED),0.0,0,0.7689881998679635
MAX(cash.previous.SELLERPLACE_AREA),1732.142505645752,43,0.7689881998679635
MEAN(cash.previous.AMT_ANNUITY),1064.1506004333496,26,0.7689881998679635
MEAN(cash.previous.AMT_APPLICATION),1552.471908569336,36,0.7689881998679635
MEAN(cash.previous.AMT_CREDIT),834.0237007141113,22,0.7689881998679635
MEAN(cash.previous.AMT_DOWN_PAYMENT),1110.935905456543,27,0.7689881998679635
MEAN(cash.previous.AMT_GOODS_PRICE),337.07889556884766,8,0.7689881998679635
MEAN(cash.previous.CNT_PAYMENT),2026.089895248413,44,0.7689881998679635
MEAN(cash.previous.DAYS_DECISION),1531.9316883087158,35,0.7689881998679635
MEAN(cash.previous.DAYS_FIRST_DRAWING),0.0,0,0.7689881998679635
MEAN(cash.previous.DAYS_FIRST_DUE),1041.8764057159424,25,0.7689881998679635
MEAN(cash.previous.DAYS_LAST_DUE),1401.0164070129395,32,0.7689881998679635
MEAN(cash.previous.DAYS_LAST_DUE_1ST_VERSION),7411.000005722046,145,0.7689881998679635
MEAN(cash.previous.DAYS_TERMINATION),1962.8263988494873,39,0.7689881998679635
MEAN(cash.previous.HOUR_APPR_PROCESS_START),5312.009279251099,134,0.7689881998679635
MEAN(cash.previous.NFLAG_INSURED_ON_APPROVAL),1363.3588047027588,36,0.7689881998679635
MEAN(cash.previous.NFLAG_LAST_APPL_IN_DAY),0.0,0,0.7689881998679635
MEAN(cash.previous.RATE_DOWN_PAYMENT),1189.8245029449463,30,0.7689881998679635
MEAN(cash.previous.RATE_INTEREST_PRIMARY),0.0,0,0.7689881998679635
MEAN(cash.previous.RATE_INTEREST_PRIVILEGED),0.0,0,0.7689881998679635
MEAN(cash.previous.SELLERPLACE_AREA),1321.957103729248,33,0.7689881998679635
MIN(cash.previous.AMT_ANNUITY),1886.5026149749756,44,0.7689881998679635
MIN(cash.previous.AMT_APPLICATION),1145.8584995269775,31,0.7689881998679635
MIN(cash.previous.AMT_CREDIT),1208.206901550293,28,0.7689881998679635
MIN(cash.previous.AMT_DOWN_PAYMENT),316.5547981262207,9,0.7689881998679635
MIN(cash.previous.AMT_GOODS_PRICE),425.97929763793945,12,0.7689881998679635
MIN(cash.previous.CNT_PAYMENT),351.4237937927246,7,0.7689881998679635
MIN(cash.previous.DAYS_DECISION),568.6116981506348,11,0.7689881998679635
MIN(cash.previous.DAYS_FIRST_DRAWING),0.0,0,0.7689881998679635
MIN(cash.previous.DAYS_FIRST_DUE),560.2323989868164,14,0.7689881998679635
MIN(cash.previous.DAYS_LAST_DUE),301.77749824523926,7,0.7689881998679635
MIN(cash.previous.DAYS_LAST_DUE_1ST_VERSION),1166.6314888000488,23,0.7689881998679635
MIN(cash.previous.DAYS_TERMINATION),484.4709987640381,12,0.7689881998679635
MIN(cash.previous.HOUR_APPR_PROCESS_START),599.2309970855713,15,0.7689881998679635
MIN(cash.previous.NFLAG_INSURED_ON_APPROVAL),0.0,0,0.7689881998679635
MIN(cash.previous.NFLAG_LAST_APPL_IN_DAY),0.0,0,0.7689881998679635
MIN(cash.previous.RATE_DOWN_PAYMENT),389.4967975616455,11,0.7689881998679635
MIN(cash.previous.RATE_INTEREST_PRIMARY),0.0,0,0.7689881998679635
MIN(cash.previous.RATE_INTEREST_PRIVILEGED),0.0,0,0.7689881998679635
MIN(cash.previous.SELLERPLACE_AREA),1053.135898590088,28,0.7689881998679635
MODE(cash.previous.CHANNEL_TYPE),0.0,0,0.7689881998679635
MODE(cash.previous.CODE_REJECT_REASON),0.0,0,0.7689881998679635
MODE(cash.previous.FLAG_LAST_APPL_PER_CONTRACT),0.0,0,0.7689881998679635
MODE(cash.previous.NAME_CASH_LOAN_PURPOSE),0.0,0,0.7689881998679635
MODE(cash.previous.NAME_CLIENT_TYPE),122.85680389404297,3,0.7689881998679635
MODE(cash.previous.NAME_CONTRACT_STATUS),0.0,0,0.7689881998679635
MODE(cash.previous.NAME_CONTRACT_TYPE),96.29710006713867,2,0.7689881998679635
MODE(cash.previous.NAME_GOODS_CATEGORY),100.16699981689453,2,0.7689881998679635
MODE(cash.previous.NAME_PAYMENT_TYPE),0.0,0,0.7689881998679635
MODE(cash.previous.NAME_PORTFOLIO),46.68130111694336,1,0.7689881998679635
MODE(cash.previous.NAME_PRODUCT_TYPE),0.0,0,0.7689881998679635
MODE(cash.previous.NAME_SELLER_INDUSTRY),0.0,0,0.7689881998679635
MODE(cash.previous.NAME_TYPE_SUITE),0.0,0,0.7689881998679635
MODE(cash.previous.NAME_YIELD_GROUP),43.364898681640625,1,0.7689881998679635
MODE(cash.previous.PRODUCT_COMBINATION),614.6207065582275,15,0.7689881998679635
MODE(cash.previous.WEEKDAY_APPR_PROCESS_START),27.90220069885254,1,0.7689881998679635
SUM(cash.previous.AMT_ANNUITY),2266.462293624878,46,0.7689881998679635
SUM(cash.previous.AMT_APPLICATION),1100.8906135559082,21,0.7689881998679635
SUM(cash.previous.AMT_CREDIT),689.8458957672119,18,0.7689881998679635
SUM(cash.previous.AMT_DOWN_PAYMENT),2207.4993171691895,43,0.7689881998679635
SUM(cash.previous.AMT_GOODS_PRICE),321.78629875183105,8,0.7689881998679635
SUM(cash.previous.CNT_PAYMENT),638.7370929718018,17,0.7689881998679635
SUM(cash.previous.DAYS_DECISION),720.9412059783936,16,0.7689881998679635
SUM(cash.previous.DAYS_FIRST_DRAWING),156.50659942626953,2,0.7689881998679635
SUM(cash.previous.DAYS_FIRST_DUE),763.4397983551025,19,0.7689881998679635
SUM(cash.previous.DAYS_LAST_DUE),705.7852001190186,18,0.7689881998679635
SUM(cash.previous.DAYS_LAST_DUE_1ST_VERSION),5867.203310012817,117,0.7689881998679635
SUM(cash.previous.DAYS_TERMINATION),1185.1393013000488,31,0.7689881998679635
SUM(cash.previous.HOUR_APPR_PROCESS_START),3759.6474018096924,70,0.7689881998679635
SUM(cash.previous.NFLAG_INSURED_ON_APPROVAL),210.5576000213623,5,0.7689881998679635
SUM(cash.previous.NFLAG_LAST_APPL_IN_DAY),381.87380599975586,6,0.7689881998679635
SUM(cash.previous.RATE_DOWN_PAYMENT),1400.0950012207031,30,0.7689881998679635
SUM(cash.previous.RATE_INTEREST_PRIMARY),0.0,0,0.7689881998679635
SUM(cash.previous.RATE_INTEREST_PRIVILEGED),0.0,0,0.7689881998679635
SUM(cash.previous.SELLERPLACE_AREA),1132.1895027160645,27,0.7689881998679635
MAX(installments.previous.AMT_ANNUITY),1207.155403137207,27,0.7689881998679635
MAX(installments.previous.AMT_APPLICATION),752.0793037414551,17,0.7689881998679635
MAX(installments.previous.AMT_CREDIT),1355.5338039398193,31,0.7689881998679635
MAX(installments.previous.AMT_DOWN_PAYMENT),3231.3951835632324,66,0.7689881998679635
MAX(installments.previous.AMT_GOODS_PRICE),769.7146034240723,17,0.7689881998679635
MAX(installments.previous.CNT_PAYMENT),275.20069885253906,6,0.7689881998679635
MAX(installments.previous.DAYS_DECISION),710.6516036987305,17,0.7689881998679635
MAX(installments.previous.DAYS_FIRST_DRAWING),0.0,0,0.7689881998679635
MAX(installments.previous.DAYS_FIRST_DUE),706.4081993103027,16,0.7689881998679635
MAX(installments.previous.DAYS_LAST_DUE),39.35260009765625,1,0.7689881998679635
MAX(installments.previous.DAYS_LAST_DUE_1ST_VERSION),5996.90770149231,117,0.7689881998679635
MAX(installments.previous.DAYS_TERMINATION),332.4445037841797,7,0.7689881998679635
MAX(installments.previous.HOUR_APPR_PROCESS_START),2493.0662021636963,48,0.7689881998679635
MAX(installments.previous.NFLAG_INSURED_ON_APPROVAL),0.0,0,0.7689881998679635
MAX(installments.previous.NFLAG_LAST_APPL_IN_DAY),0.0,0,0.7689881998679635
MAX(installments.previous.RATE_DOWN_PAYMENT),1518.581398010254,34,0.7689881998679635
MAX(installments.previous.RATE_INTEREST_PRIMARY),0.0,0,0.7689881998679635
MAX(installments.previous.RATE_INTEREST_PRIVILEGED),0.0,0,0.7689881998679635
MAX(installments.previous.SELLERPLACE_AREA),889.3887996673584,25,0.7689881998679635
MEAN(installments.previous.AMT_ANNUITY),1750.0884971618652,45,0.7689881998679635
MEAN(installments.previous.AMT_APPLICATION),824.6717071533203,21,0.7689881998679635
MEAN(installments.previous.AMT_CREDIT),1053.2501983642578,26,0.7689881998679635
MEAN(installments.previous.AMT_DOWN_PAYMENT),660.597002029419,17,0.7689881998679635
MEAN(installments.previous.AMT_GOODS_PRICE),1041.3114109039307,24,0.7689881998679635
MEAN(installments.previous.CNT_PAYMENT),1899.0955905914307,46,0.7689881998679635
MEAN(installments.previous.DAYS_DECISION),3721.3444995880127,52,0.7689881998679635
MEAN(installments.previous.DAYS_FIRST_DRAWING),277.86850357055664,6,0.7689881998679635
MEAN(installments.previous.DAYS_FIRST_DUE),1661.522512435913,31,0.7689881998679635
MEAN(installments.previous.DAYS_LAST_DUE),1272.849494934082,32,0.7689881998679635
MEAN(installments.previous.DAYS_LAST_DUE_1ST_VERSION),2627.3869037628174,50,0.7689881998679635
MEAN(installments.previous.DAYS_TERMINATION),911.9381065368652,23,0.7689881998679635
MEAN(installments.previous.HOUR_APPR_PROCESS_START),4253.930408477783,108,0.7689881998679635
MEAN(installments.previous.NFLAG_INSURED_ON_APPROVAL),744.0005016326904,21,0.7689881998679635
MEAN(installments.previous.NFLAG_LAST_APPL_IN_DAY),0.0,0,0.7689881998679635
MEAN(installments.previous.RATE_DOWN_PAYMENT),591.2856006622314,15,0.7689881998679635
MEAN(installments.previous.RATE_INTEREST_PRIMARY),0.0,0,0.7689881998679635
MEAN(installments.previous.RATE_INTEREST_PRIVILEGED),0.0,0,0.7689881998679635
MEAN(installments.previous.SELLERPLACE_AREA),1294.2381973266602,34,0.7689881998679635
MIN(installments.previous.AMT_ANNUITY),1341.0798015594482,33,0.7689881998679635
MIN(installments.previous.AMT_APPLICATION),845.1946048736572,22,0.7689881998679635
MIN(installments.previous.AMT_CREDIT),796.5761985778809,21,0.7689881998679635
MIN(installments.previous.AMT_DOWN_PAYMENT),491.23020362854004,12,0.7689881998679635
MIN(installments.previous.AMT_GOODS_PRICE),766.546308517456,16,0.7689881998679635
MIN(installments.previous.CNT_PAYMENT),355.5407028198242,8,0.7689881998679635
MIN(installments.previous.DAYS_DECISION),411.79450035095215,8,0.7689881998679635
MIN(installments.previous.DAYS_FIRST_DRAWING),29.552400588989258,1,0.7689881998679635
MIN(installments.previous.DAYS_FIRST_DUE),90.81659698486328,1,0.7689881998679635
MIN(installments.previous.DAYS_LAST_DUE),268.37369537353516,5,0.7689881998679635
MIN(installments.previous.DAYS_LAST_DUE_1ST_VERSION),813.6118049621582,17,0.7689881998679635
MIN(installments.previous.DAYS_TERMINATION),38.530799865722656,1,0.7689881998679635
MIN(installments.previous.HOUR_APPR_PROCESS_START),522.6129989624023,15,0.7689881998679635
MIN(installments.previous.NFLAG_INSURED_ON_APPROVAL),0.0,0,0.7689881998679635
MIN(installments.previous.NFLAG_LAST_APPL_IN_DAY),0.0,0,0.7689881998679635
MIN(installments.previous.RATE_DOWN_PAYMENT),384.6532974243164,10,0.7689881998679635
MIN(installments.previous.RATE_INTEREST_PRIMARY),0.0,0,0.7689881998679635
MIN(installments.previous.RATE_INTEREST_PRIVILEGED),0.0,0,0.7689881998679635
MIN(installments.previous.SELLERPLACE_AREA),756.9991035461426,17,0.7689881998679635
MODE(installments.previous.CHANNEL_TYPE),0.0,0,0.7689881998679635
MODE(installments.previous.CODE_REJECT_REASON),0.0,0,0.7689881998679635
MODE(installments.previous.FLAG_LAST_APPL_PER_CONTRACT),0.0,0,0.7689881998679635
MODE(installments.previous.NAME_CASH_LOAN_PURPOSE),0.0,0,0.7689881998679635
MODE(installments.previous.NAME_CLIENT_TYPE),29.153799057006836,1,0.7689881998679635
MODE(installments.previous.NAME_CONTRACT_STATUS),0.0,0,0.7689881998679635
MODE(installments.previous.NAME_CONTRACT_TYPE),0.0,0,0.7689881998679635
MODE(installments.previous.NAME_GOODS_CATEGORY),0.0,0,0.7689881998679635
MODE(installments.previous.NAME_PAYMENT_TYPE),0.0,0,0.7689881998679635
MODE(installments.previous.NAME_PORTFOLIO),0.0,0,0.7689881998679635
MODE(installments.previous.NAME_PRODUCT_TYPE),0.0,0,0.7689881998679635
MODE(installments.previous.NAME_SELLER_INDUSTRY),0.0,0,0.7689881998679635
MODE(installments.previous.NAME_TYPE_SUITE),0.0,0,0.7689881998679635
MODE(installments.previous.NAME_YIELD_GROUP),38.133399963378906,1,0.7689881998679635
MODE(installments.previous.PRODUCT_COMBINATION),939.8293056488037,20,0.7689881998679635
MODE(installments.previous.WEEKDAY_APPR_PROCESS_START),0.0,0,0.7689881998679635
SUM(installments.previous.AMT_ANNUITY),1939.0385131835938,39,0.7689881998679635
SUM(installments.previous.AMT_APPLICATION),501.5584011077881,12,0.7689881998679635
SUM(installments.previous.AMT_CREDIT),1154.6574020385742,27,0.7689881998679635
SUM(installments.previous.AMT_DOWN_PAYMENT),1634.3493003845215,38,0.7689881998679635
SUM(installments.previous.AMT_GOODS_PRICE),397.44840240478516,10,0.7689881998679635
SUM(installments.previous.CNT_PAYMENT),445.8477954864502,10,0.7689881998679635
SUM(installments.previous.DAYS_DECISION),874.7510032653809,17,0.7689881998679635
SUM(installments.previous.DAYS_FIRST_DRAWING),540.004903793335,13,0.7689881998679635
SUM(installments.previous.DAYS_FIRST_DUE),1013.2426929473877,24,0.7689881998679635
SUM(installments.previous.DAYS_LAST_DUE),1545.6141929626465,37,0.7689881998679635
SUM(installments.previous.DAYS_LAST_DUE_1ST_VERSION),2533.6789989471436,44,0.7689881998679635
SUM(installments.previous.DAYS_TERMINATION),952.3744068145752,23,0.7689881998679635
SUM(installments.previous.HOUR_APPR_PROCESS_START),2043.6882972717285,48,0.7689881998679635
SUM(installments.previous.NFLAG_INSURED_ON_APPROVAL),448.56149673461914,11,0.7689881998679635
SUM(installments.previous.NFLAG_LAST_APPL_IN_DAY),181.97189903259277,4,0.7689881998679635
SUM(installments.previous.RATE_DOWN_PAYMENT),541.3678016662598,11,0.7689881998679635
SUM(installments.previous.RATE_INTEREST_PRIMARY),0.0,0,0.7689881998679635
SUM(installments.previous.RATE_INTEREST_PRIVILEGED),0.0,0,0.7689881998679635
SUM(installments.previous.SELLERPLACE_AREA),857.4857978820801,24,0.7689881998679635
MAX(credit.previous.AMT_ANNUITY),248.11649894714355,7,0.7689881998679635
MAX(credit.previous.AMT_APPLICATION),0.0,0,0.7689881998679635
MAX(credit.previous.AMT_CREDIT),38.46630096435547,1,0.7689881998679635
MAX(credit.previous.AMT_DOWN_PAYMENT),32.683998107910156,1,0.7689881998679635
MAX(credit.previous.AMT_GOODS_PRICE),246.69670486450195,6,0.7689881998679635
MAX(credit.previous.CNT_PAYMENT),0.0,0,0.7689881998679635
MAX(credit.previous.DAYS_DECISION),296.78919982910156,9,0.7689881998679635
MAX(credit.previous.DAYS_FIRST_DRAWING),206.27359771728516,4,0.7689881998679635
MAX(credit.previous.DAYS_FIRST_DUE),84.61970138549805,2,0.7689881998679635
MAX(credit.previous.DAYS_LAST_DUE),80.12620162963867,2,0.7689881998679635
MAX(credit.previous.DAYS_LAST_DUE_1ST_VERSION),0.0,0,0.7689881998679635
MAX(credit.previous.DAYS_TERMINATION),31.71649932861328,1,0.7689881998679635
MAX(credit.previous.HOUR_APPR_PROCESS_START),591.6963958740234,15,0.7689881998679635
MAX(credit.previous.NFLAG_INSURED_ON_APPROVAL),0.0,0,0.7689881998679635
MAX(credit.previous.NFLAG_LAST_APPL_IN_DAY),0.0,0,0.7689881998679635
MAX(credit.previous.RATE_DOWN_PAYMENT),34.015201568603516,1,0.7689881998679635
MAX(credit.previous.RATE_INTEREST_PRIMARY),0.0,0,0.7689881998679635
MAX(credit.previous.RATE_INTEREST_PRIVILEGED),0.0,0,0.7689881998679635
MAX(credit.previous.SELLERPLACE_AREA),399.99449729919434,11,0.7689881998679635
MEAN(credit.previous.AMT_ANNUITY),0.0,0,0.7689881998679635
MEAN(credit.previous.AMT_APPLICATION),87.3745002746582,2,0.7689881998679635
MEAN(credit.previous.AMT_CREDIT),0.0,0,0.7689881998679635
MEAN(credit.previous.AMT_DOWN_PAYMENT),0.0,0,0.7689881998679635
MEAN(credit.previous.AMT_GOODS_PRICE),170.85639762878418,3,0.7689881998679635
MEAN(credit.previous.CNT_PAYMENT),0.0,0,0.7689881998679635
MEAN(credit.previous.DAYS_DECISION),197.09729957580566,5,0.7689881998679635
MEAN(credit.previous.DAYS_FIRST_DRAWING),0.0,0,0.7689881998679635
MEAN(credit.previous.DAYS_FIRST_DUE),79.606201171875,1,0.7689881998679635
MEAN(credit.previous.DAYS_LAST_DUE),0.0,0,0.7689881998679635
MEAN(credit.previous.DAYS_LAST_DUE_1ST_VERSION),0.0,0,0.7689881998679635
MEAN(credit.previous.DAYS_TERMINATION),32.082801818847656,1,0.7689881998679635
MEAN(credit.previous.HOUR_APPR_PROCESS_START),227.7334976196289,6,0.7689881998679635
MEAN(credit.previous.NFLAG_INSURED_ON_APPROVAL),0.0,0,0.7689881998679635
MEAN(credit.previous.NFLAG_LAST_APPL_IN_DAY),0.0,0,0.7689881998679635
MEAN(credit.previous.RATE_DOWN_PAYMENT),0.0,0,0.7689881998679635
MEAN(credit.previous.RATE_INTEREST_PRIMARY),0.0,0,0.7689881998679635
MEAN(credit.previous.RATE_INTEREST_PRIVILEGED),0.0,0,0.7689881998679635
MEAN(credit.previous.SELLERPLACE_AREA),32.09109878540039,1,0.7689881998679635
MIN(credit.previous.AMT_ANNUITY),119.9280014038086,3,0.7689881998679635
MIN(credit.previous.AMT_APPLICATION),32.03919982910156,1,0.7689881998679635
MIN(credit.previous.AMT_CREDIT),68.69060134887695,2,0.7689881998679635
MIN(credit.previous.AMT_DOWN_PAYMENT),0.0,0,0.7689881998679635
MIN(credit.previous.AMT_GOODS_PRICE),0.0,0,0.7689881998679635
MIN(credit.previous.CNT_PAYMENT),0.0,0,0.7689881998679635
MIN(credit.previous.DAYS_DECISION),61.1609992980957,1,0.7689881998679635
MIN(credit.previous.DAYS_FIRST_DRAWING),36.504798889160156,1,0.7689881998679635
MIN(credit.previous.DAYS_FIRST_DUE),0.0,0,0.7689881998679635
MIN(credit.previous.DAYS_LAST_DUE),0.0,0,0.7689881998679635
MIN(credit.previous.DAYS_LAST_DUE_1ST_VERSION),0.0,0,0.7689881998679635
MIN(credit.previous.DAYS_TERMINATION),0.0,0,0.7689881998679635
MIN(credit.previous.HOUR_APPR_PROCESS_START),31.733299255371094,1,0.7689881998679635
MIN(credit.previous.NFLAG_INSURED_ON_APPROVAL),0.0,0,0.7689881998679635
MIN(credit.previous.NFLAG_LAST_APPL_IN_DAY),0.0,0,0.7689881998679635
MIN(credit.previous.RATE_DOWN_PAYMENT),0.0,0,0.7689881998679635
MIN(credit.previous.RATE_INTEREST_PRIMARY),0.0,0,0.7689881998679635
MIN(credit.previous.RATE_INTEREST_PRIVILEGED),0.0,0,0.7689881998679635
MIN(credit.previous.SELLERPLACE_AREA),69.50559997558594,2,0.7689881998679635
MODE(credit.previous.CHANNEL_TYPE),0.0,0,0.7689881998679635
MODE(credit.previous.CODE_REJECT_REASON),0.0,0,0.7689881998679635
MODE(credit.previous.FLAG_LAST_APPL_PER_CONTRACT),0.0,0,0.7689881998679635
MODE(credit.previous.NAME_CASH_LOAN_PURPOSE),0.0,0,0.7689881998679635
MODE(credit.previous.NAME_CLIENT_TYPE),0.0,0,0.7689881998679635
MODE(credit.previous.NAME_CONTRACT_STATUS),0.0,0,0.7689881998679635
MODE(credit.previous.NAME_CONTRACT_TYPE),0.0,0,0.7689881998679635
MODE(credit.previous.NAME_GOODS_CATEGORY),0.0,0,0.7689881998679635
MODE(credit.previous.NAME_PAYMENT_TYPE),0.0,0,0.7689881998679635
MODE(credit.previous.NAME_PORTFOLIO),0.0,0,0.7689881998679635
MODE(credit.previous.NAME_PRODUCT_TYPE),29.82819938659668,1,0.7689881998679635
MODE(credit.previous.NAME_SELLER_INDUSTRY),0.0,0,0.7689881998679635
MODE(credit.previous.NAME_TYPE_SUITE),0.0,0,0.7689881998679635
MODE(credit.previous.NAME_YIELD_GROUP),0.0,0,0.7689881998679635
MODE(credit.previous.PRODUCT_COMBINATION),0.0,0,0.7689881998679635
MODE(credit.previous.WEEKDAY_APPR_PROCESS_START),0.0,0,0.7689881998679635
SUM(credit.previous.AMT_ANNUITY),300.27770233154297,7,0.7689881998679635
SUM(credit.previous.AMT_APPLICATION),421.3696002960205,10,0.7689881998679635
SUM(credit.previous.AMT_CREDIT),207.41969871520996,5,0.7689881998679635
SUM(credit.previous.AMT_DOWN_PAYMENT),0.0,0,0.7689881998679635
SUM(credit.previous.AMT_GOODS_PRICE),134.23599815368652,4,0.7689881998679635
SUM(credit.previous.CNT_PAYMENT),0.0,0,0.7689881998679635
SUM(credit.previous.DAYS_DECISION),74.82679748535156,2,0.7689881998679635
SUM(credit.previous.DAYS_FIRST_DRAWING),129.15810012817383,3,0.7689881998679635
SUM(credit.previous.DAYS_FIRST_DUE),32.944000244140625,1,0.7689881998679635
SUM(credit.previous.DAYS_LAST_DUE),606.3159065246582,16,0.7689881998679635
SUM(credit.previous.DAYS_LAST_DUE_1ST_VERSION),0.0,0,0.7689881998679635
SUM(credit.previous.DAYS_TERMINATION),203.34740447998047,4,0.7689881998679635
SUM(credit.previous.HOUR_APPR_PROCESS_START),501.68809509277344,13,0.7689881998679635
SUM(credit.previous.NFLAG_INSURED_ON_APPROVAL),0.0,0,0.7689881998679635
SUM(credit.previous.NFLAG_LAST_APPL_IN_DAY),0.0,0,0.7689881998679635
SUM(credit.previous.RATE_DOWN_PAYMENT),0.0,0,0.7689881998679635
SUM(credit.previous.RATE_INTEREST_PRIMARY),0.0,0,0.7689881998679635
SUM(credit.previous.RATE_INTEREST_PRIVILEGED),0.0,0,0.7689881998679635
SUM(credit.previous.SELLERPLACE_AREA),539.9886989593506,13,0.7689881998679635
